1,[6, 4, 3, 1, 0, 2, 5, 7, 11, 37, 50]
2,[6, 8, 10]
3,[6, 9, 21, 27, 33, 66]
4,[50, 59]
5,[50, 54, 56, 58, 62, 65]
6,[10, 12]
7,[10, 13, 17, 24]
8,[66, 78, 828]
9,[66, 82, 713, 711]
10,[66, 74]
11,[59, 63]
12,[59, 61, 64, 67, 77, 85]
13,[65, 69, 70, 71, 73, 75, 79]
14,[65, 68]
15,[12, 14]
16,[12, 16]
17,[24, 28]
18,[24, 40]
19,[711, 710, 631, 593]
20,[711, 712, 714]
21,[74, 80, 89, 110, 2501]
22,[74, 92, 104, 2685, 2686]
23,[74, 96, 105]
24,[85, 102, 109, 2565, 2555, 2552, 2547]
25,[85, 91, 99]
26,[85, 2567, 2559, 2550]
27,[79, 86, 95]
28,[79, 87]
29,[68, 72, 76, 81, 84, 93]
30,[68, 83]
31,[14, 18]
32,[14, 15]
33,[16, 20]
34,[16, 18]
35,[28, 43]
36,[28, 35]
37,[40, 42, 45]
38,[40, 43]
39,[593, 592, 309, 270]
40,[593, 594]
41,[593, 595, 597]
42,[714, 731, 803, 831]
43,[714, 720]
44,[714, 715]
45,[2501, 2505, 2506, 2508]
46,[2501, 2502, 2504]
47,[2501, 2503, 2507]
48,[2686, 2689, 2694, 1510, 1496]
49,[2686, 2687, 2688, 2690, 2691]
50,[105, 108]
51,[105, 2549, 2546, 2544, 2541, 2539]
52,[2547, 2551, 2558, 2564, 2573, 2584, 2591, 2597, 2606, 2612, 2617, 2682, 2681, 2680, 2679, 2678, 2677, 2676, 2675, 2674, 2673, 2672, 2670]
53,[2547, 2542, 2539]
54,[99, 5979]
55,[99, 5984]
56,[2550, 2548]
57,[2550, 2553]
58,[87, 103]
59,[87, 5985]
60,[93, 101]
61,[93, 113]
62,[83, 98, 114]
63,[83, 88]
64,[18, 23]
65,[15, 23]
66,[15, 19]
67,[20, 25]
68,[20, 31]
69,[43, 52, 51]
70,[35, 47, 49]
71,[35, 34]
72,[270, 239, 238]
73,[270, 591, 535, 491, 479]
74,[594, 596]
75,[594, 610]
76,[597, 621]
77,[597, 601, 606, 623]
78,[597, 604]
79,[831, 829, 830, 833]
80,[831, 832, 834, 835]
81,[831, 837]
82,[831, 836]
83,[720, 724]
84,[720, 726, 733, 765]
85,[715, 719, 728, 729]
86,[715, 716, 717, 718]
87,[2504, 2511]
88,[2504, 2509, 2513]
89,[2507, 2510]
90,[2507, 2515]
91,[1496, 1500, 1405]
92,[1496, 1490]
93,[1496, 1497, 1499, 1520, 1522]
94,[2691, 2692, 2693, 2691]
95,[108, 2641, 2642]
96,[108, 112, 115, 2648, 2645, 2643, 2642]
97,[2539, 2538, 2537, 2535, 2534]
98,[2670, 2668]
99,[2670, 2671]
100,[5979, 5981]
101,[5979, 5975]
102,[5984, 5985]
103,[5984, 5975]
104,[2548, 2540]
105,[2548, 2557]
106,[2553, 2554]
107,[2553, 2560, 2572, 2566]
108,[103, 111]
109,[103, 5988]
110,[5985, 5976]
111,[101, 5430, 5406, 5390]
112,[101, 116, 5448, 5423, 5421]
113,[113, 107]
114,[113, 5962, 5960]
115,[88, 90, 100]
116,[88, 94]
117,[23, 26]
118,[19, 22]
119,[19, 30]
120,[25, 32, 44, 38]
121,[25, 38]
122,[31, 38]
123,[31, 26]
124,[51, 53, 55, 57, 60]
125,[51, 49]
126,[51, 46]
127,[49, 48, 39]
128,[34, 39]
129,[34, 29]
130,[238, 237, 236, 184, 129, 126]
131,[238, 242]
132,[238, 240]
133,[479, 478, 476, 474, 473, 472, 475, 477, 480, 201, 127, 122, 119]
134,[479, 481, 488]
135,[479, 482]
136,[596, 598, 600]
137,[596, 599]
138,[610, 611]
139,[610, 619, 643, 655]
140,[621, 627]
141,[621, 630, 644]
142,[623, 632]
143,[623, 624]
144,[604, 608, 612, 615, 617, 622, 628]
145,[604, 613]
146,[833, 841]
147,[833, 839]
148,[833, 947, 948, 949]
149,[835, 869]
150,[835, 843, 860, 893]
151,[837, 838, 842, 852, 862, 868, 886]
152,[837, 845]
153,[836, 846, 848, 849, 850]
154,[836, 840]
155,[724, 738]
156,[724, 727, 736]
157,[765, 788]
158,[765, 774, 813, 2631]
159,[729, 735, 741, 744]
160,[729, 732, 753, 757]
161,[718, 721]
162,[718, 746, 779, 809]
163,[2511, 2513]
164,[2511, 2512, 2522]
165,[2513, 2526]
166,[2510, 2514]
167,[2510, 2516, 2517]
168,[2515, 2518, 2514]
169,[2515, 2524, 810]
170,[1405, 1403]
171,[1405, 1400, 1393]
172,[1490, 1462]
173,[1490, 1494, 1495]
174,[1522, 1530]
175,[1522, 2704]
176,[2642, 2644]
177,[2534, 2533, 2526]
178,[2534, 2536, 2540]
179,[2668, 2667, 2666]
180,[2668, 2669]
181,[5981, 5982]
182,[5981, 5980, 5977, 5972, 5968, 5964]
183,[5975, 5971]
184,[2540, 2543, 2545, 2556]
185,[2557, 2563, 2569]
186,[2557, 2566]
187,[2554, 2574]
188,[2554, 2562]
189,[2566, 2568, 2576, 2590]
190,[5976, 5978, 5983, 117, 107]
191,[5976, 5964]
192,[5390, 5379]
193,[5390, 5396]
194,[5421, 5424]
195,[5421, 5412]
196,[107, 94]
197,[5960, 5956]
198,[5960, 5966]
199,[94, 97, 106, 5992]
200,[26, 30]
201,[22, 29]
202,[22, 36]
203,[30, 36]
204,[46, 39]
205,[46, 41]
206,[29, 41]
207,[126, 128, 134]
208,[126, 125, 123, 121, 118, 119]
209,[126, 130]
210,[242, 253, 292, 306]
211,[242, 256]
212,[242, 254]
213,[240, 241, 245]
214,[240, 244]
215,[240, 243]
216,[119, 120, 124, 138, 590, 469, 448]
217,[488, 497]
218,[488, 494, 501]
219,[482, 484, 489, 492]
220,[482, 483, 485, 486, 487, 490, 493, 495, 498, 519]
221,[599, 603, 609]
222,[599, 602, 605, 607]
223,[611, 663]
224,[611, 618, 625]
225,[655, 681]
226,[655, 676]
227,[627, 629]
228,[627, 667, 701]
229,[644, 659, 664, 665]
230,[644, 649, 640]
231,[632, 633, 642, 638, 632]
232,[624, 640]
233,[624, 641, 647]
234,[841, 890]
235,[841, 857]
236,[839, 853, 854]
237,[839, 847, 855]
238,[949, 953]
239,[949, 951]
240,[949, 950, 952]
241,[869, 877, 919]
242,[869, 911]
243,[893, 866]
244,[893, 901]
245,[886, 926, 5619]
246,[886, 904, 824]
247,[886, 899, 932, 946]
248,[845, 894]
249,[845, 866]
250,[840, 844]
251,[840, 851]
252,[736, 755]
253,[736, 740, 742, 745, 748, 750, 760, 773, 782]
254,[736, 790, 810]
255,[788, 769]
256,[788, 1415]
257,[2631, 2628]
258,[2631, 2632]
259,[744, 749]
260,[744, 789]
261,[757, 766]
262,[757, 780]
263,[721, 737]
264,[721, 722, 723]
265,[809, 5203]
266,[809, 792, 782]
267,[2522, 2525, 2528, 2529, 2530, 2527, 2522]
268,[2526, 2532, 2521]
269,[2514, 2521]
270,[2517, 2519]
271,[2517, 2520]
272,[810, 2619, 2620, 2621, 2622, 2604]
273,[810, 2702]
274,[1403, 1393]
275,[1403, 1415]
276,[1393, 1398, 1404, 1417, 1491, 1458]
277,[1393, 1387, 1372]
278,[1462, 1463, 1466, 1469, 1472, 1474]
279,[1462, 1460]
280,[1530, 1537, 2699, 2698, 2695]
281,[1530, 1535, 2697, 2695]
282,[2704, 2705]
283,[2704, 2703, 2702]
284,[2644, 2646, 2649, 2647, 2644]
285,[5964, 5971]
286,[5964, 5961]
287,[5971, 5973, 5974]
288,[2556, 2571, 2604]
289,[2556, 2561]
290,[2569, 2579]
291,[2569, 2561]
292,[2574, 2578]
293,[2574, 2581, 2577, 2562]
294,[2562, 2570, 2582]
295,[2590, 2596]
296,[2590, 2579]
297,[5379, 5374, 5370, 5363, 5349]
298,[5379, 5383, 5386]
299,[5396, 5394, 5386]
300,[5396, 5398, 5408, 5404]
301,[5424, 5414]
302,[5424, 5436]
303,[5412, 5414]
304,[5412, 5404]
305,[5956, 5957, 5961]
306,[5956, 5954]
307,[36, 41]
308,[134, 139]
309,[134, 136]
310,[130, 132, 135, 142]
311,[130, 131, 146, 160, 165]
312,[130, 133, 140]
313,[306, 334, 3860, 3847, 3835, 3833]
314,[306, 335, 4233, 4227]
315,[306, 328]
316,[256, 265]
317,[256, 3816]
318,[254, 257]
319,[254, 280]
320,[245, 250]
321,[245, 246, 283, 293, 299]
322,[244, 249]
323,[244, 252]
324,[243, 248, 261, 269]
325,[243, 247]
326,[448, 379, 357, 356, 355]
327,[448, 4175]
328,[448, 3241, 3237, 3233]
329,[497, 512]
330,[497, 499, 500, 503, 504, 505, 509, 513, 514]
331,[501, 507]
332,[501, 506, 537, 543, 546, 553, 577]
333,[501, 516, 512]
334,[492, 496, 502]
335,[492, 515, 518]
336,[519, 530]
337,[519, 522, 526, 564]
338,[607, 614, 620]
339,[607, 616]
340,[663, 313]
341,[663, 687, 688, 680]
342,[625, 634, 646, 651, 654, 658, 670, 680]
343,[625, 626, 616]
344,[625, 639, 648, 656]
345,[681, 4289]
346,[681, 4284]
347,[676, 4286]
348,[676, 702]
349,[629, 636, 645]
350,[629, 637, 669, 686]
351,[701, 1067]
352,[701, 1115]
353,[640, 650]
354,[890, 917]
355,[890, 902]
356,[857, 878]
357,[857, 892]
358,[854, 858]
359,[854, 941]
360,[855, 879]
361,[855, 865, 876, 881, 888, 891, 896]
362,[953, 1065, 1066, 393, 366, 358]
363,[953, 963, 964]
364,[953, 954, 955]
365,[951, 959]
366,[951, 977]
367,[952, 956, 960, 966, 973]
368,[952, 957]
369,[919, 5668]
370,[919, 921, 5682, 5678, 5676]
371,[919, 930, 5600, 5595, 5593, 5589, 5585, 5575]
372,[911, 944]
373,[911, 5527, 5525, 5520, 5515]
374,[866, 880, 897]
375,[901, 905, 927, 5665]
376,[901, 908, 934, 5615]
377,[5619, 5618, 5620, 5622, 909, 895]
378,[5619, 5621, 5623]
379,[824, 815, 797]
380,[824, 5718, 5719, 5720]
381,[946, 5707, 5706, 5705]
382,[946, 5717, 5715, 5716]
383,[894, 920]
384,[894, 918]
385,[844, 856, 872]
386,[844, 859, 861, 864]
387,[851, 874, 875, 883, 887, 872]
388,[851, 870, 873]
389,[755, 769]
390,[755, 805, 2639]
391,[782, 2683]
392,[782, 2684]
393,[769, 804, 2636]
394,[1415, 1419, 2696, 2695]
395,[1415, 5892]
396,[2628, 2627]
397,[2628, 2630]
398,[2632, 2633, 821, 800, 794, 783, 766]
399,[2632, 2634, 2635]
400,[749, 756]
401,[749, 754]
402,[789, 766]
403,[789, 825]
404,[737, 752]
405,[737, 743]
406,[737, 751, 762, 764, 754]
407,[723, 734]
408,[723, 725, 730, 739, 777]
409,[5203, 5215, 787, 777]
410,[5203, 5463, 5464, 5465, 2604]
411,[5203, 5141]
412,[2521, 2523, 2519]
413,[2519, 2531]
414,[2604, 5457]
415,[2702, 2701, 2700]
416,[1458, 1461, 1471]
417,[1458, 1447]
418,[1458, 1468]
419,[1372, 1369, 1362, 1356, 1343, 1339]
420,[1372, 1378, 1390]
421,[1460, 1444]
422,[1460, 1455, 1451]
423,[5961, 5963, 5965, 5967, 5970]
424,[2561, 2575, 2585, 2593]
425,[2579, 2580, 2586]
426,[2578, 2587, 2598]
427,[2578, 2583, 2588]
428,[2596, 2618, 5462]
429,[2596, 2608]
430,[5349, 5345, 5341]
431,[5349, 5351]
432,[5386, 5391]
433,[5404, 5399, 5395, 5391]
434,[5414, 5420, 5425, 5411, 5401, 5391]
435,[5436, 5446, 5959]
436,[5436, 5444]
437,[5954, 5953, 5955, 5958, 5959]
438,[5954, 2607, 2598]
439,[139, 159]
440,[139, 144, 156]
441,[136, 137, 141, 153, 163, 175, 168]
442,[136, 143, 149, 154, 170, 168]
443,[142, 151, 161]
444,[142, 157, 169, 174]
445,[165, 171]
446,[165, 179, 174]
447,[140, 145, 148]
448,[140, 147, 158]
449,[3833, 3845]
450,[3833, 3848]
451,[3833, 3823, 3812, 3811]
452,[4227, 4225]
453,[4227, 4229]
454,[328, 3889]
455,[328, 3879]
456,[3816, 3822]
457,[3816, 3815, 3807]
458,[3816, 3829, 348]
459,[257, 298, 310]
460,[257, 259, 278]
461,[250, 255]
462,[250, 260, 266]
463,[299, 319, 323]
464,[299, 301, 341, 348]
465,[299, 329, 3702]
466,[249, 258]
467,[249, 274]
468,[269, 273]
469,[269, 276]
470,[247, 258]
471,[247, 251, 267, 263]
472,[355, 354]
473,[355, 375]
474,[355, 358]
475,[4175, 4173]
476,[4175, 4181, 4182, 4183, 4185, 4186, 4187, 4188]
477,[4175, 4171, 4170]
478,[3233, 3232]
479,[3233, 3256, 3272, 3274, 3279]
480,[512, 528, 533]
481,[512, 536]
482,[514, 531]
483,[514, 545]
484,[507, 508, 511, 521, 524, 566]
485,[507, 510, 517, 525, 529, 542, 544, 552, 4112]
486,[577, 3988]
487,[577, 588]
488,[502, 520, 530]
489,[502, 523, 532, 540, 560, 563]
490,[518, 539, 575]
491,[518, 527]
492,[530, 555, 581]
493,[530, 538]
494,[564, 583, 3991]
495,[564, 5782]
496,[620, 652]
497,[620, 635]
498,[616, 635]
499,[313, 4284]
500,[313, 304, 294, 258]
501,[680, 685]
502,[656, 635]
503,[656, 660, 666]
504,[4289, 4286]
505,[4289, 4294]
506,[4284, 4276]
507,[4286, 4278, 4276]
508,[645, 698]
509,[645, 653]
510,[686, 678]
511,[686, 700, 708, 709]
512,[686, 697, 5860]
513,[1067, 1070, 1071]
514,[1067, 698]
515,[1067, 1068]
516,[1115, 1143]
517,[1115, 1079]
518,[650, 673]
519,[650, 672]
520,[917, 4945]
521,[917, 4952]
522,[902, 935]
523,[902, 925]
524,[858, 863, 871]
525,[858, 867, 879]
526,[941, 4717]
527,[941, 5636, 5635, 5634, 5633, 5632, 5631, 5630, 5629, 5628, 5627, 5626, 5625, 5624, 4821, 4789, 4775, 4768, 4759, 4752, 4750, 4748, 4745]
528,[879, 885]
529,[358, 359]
530,[358, 362]
531,[964, 978]
532,[964, 967]
533,[955, 958]
534,[955, 970]
535,[959, 965]
536,[959, 961, 962, 958]
537,[977, 982, 1044, 1876]
538,[977, 1003]
539,[977, 995]
540,[973, 974, 1006]
541,[973, 988]
542,[973, 997, 1007, 1011]
543,[957, 969, 975, 979]
544,[957, 967]
545,[5676, 5677, 5679]
546,[5676, 4828]
547,[5575, 5571]
548,[5575, 5579]
549,[944, 5640]
550,[944, 5688]
551,[5515, 5512, 5509]
552,[5515, 5518, 5522, 5532, 5529, 5521]
553,[897, 912]
554,[897, 906]
555,[5615, 5613]
556,[5615, 5617]
557,[895, 889]
558,[895, 915]
559,[797, 812]
560,[797, 767]
561,[920, 931, 933, 943]
562,[920, 929, 5675, 5674, 5201]
563,[918, 928]
564,[918, 5201]
565,[872, 903, 910, 916, 922, 939]
566,[872, 889]
567,[2639, 2638, 2636]
568,[2639, 2640]
569,[2636, 2637]
570,[2627, 2629]
571,[2627, 2626, 2624]
572,[756, 795, 1716]
573,[756, 820]
574,[754, 772]
575,[754, 761, 770]
576,[825, 1711]
577,[825, 1713]
578,[752, 770]
579,[752, 758]
580,[743, 758]
581,[743, 734]
582,[734, 747]
583,[777, 781, 796, 799]
584,[5141, 5161, 5171]
585,[5141, 5176]
586,[5141, 5123]
587,[5457, 5455, 5454, 5453]
588,[5457, 5459]
589,[5457, 2613, 2609, 2602]
590,[1471, 1480]
591,[1471, 1475]
592,[1447, 1445, 1444]
593,[1447, 1454]
594,[1468, 1470]
595,[1468, 1479, 1483]
596,[1339, 1336]
597,[1339, 1350]
598,[1444, 1441, 1436]
599,[1451, 1448]
600,[1451, 1457, 1464, 1477]
601,[2586, 2592, 2594]
602,[2586, 2589, 2602]
603,[2598, 2610, 5923]
604,[2588, 2600, 2614]
605,[2588, 2595]
606,[5462, 2602]
607,[5462, 5460]
608,[2608, 2611]
609,[2608, 2616, 5948, 5947]
610,[5341, 5343, 5347, 5350, 5351]
611,[5341, 5340]
612,[5351, 5352, 5355, 5360, 5366, 5372, 5381]
613,[5351, 5361]
614,[5959, 5969, 5449]
615,[5444, 5433]
616,[5444, 5451, 5989]
617,[159, 164]
618,[159, 162]
619,[168, 161]
620,[161, 172]
621,[174, 195]
622,[171, 189, 181, 176, 166, 158]
623,[171, 197]
624,[148, 150, 155, 152, 148]
625,[158, 178]
626,[3845, 3865]
627,[3845, 3855, 3856]
628,[3848, 3851, 3881, 3890, 3895, 3901, 3555]
629,[3848, 3857]
630,[3811, 3807]
631,[3811, 3818]
632,[4225, 4226, 4232]
633,[4225, 4228]
634,[4229, 4230, 4231, 343]
635,[4229, 4236]
636,[3889, 3894]
637,[3889, 3879]
638,[3879, 3865]
639,[3879, 3891, 3903]
640,[3822, 3831]
641,[3822, 3826]
642,[3807, 3806, 3808]
643,[3807, 3809, 3810, 3813]
644,[348, 3863, 3850, 3842]
645,[278, 288, 308]
646,[278, 296]
647,[255, 277]
648,[255, 262]
649,[323, 347]
650,[323, 314, 307, 282]
651,[3702, 3701]
652,[3702, 3699]
653,[258, 263]
654,[273, 281, 290]
655,[273, 289, 302]
656,[276, 263]
657,[276, 285]
658,[4173, 4184]
659,[4173, 4164, 4162, 4159, 4154]
660,[4188, 4190, 4192, 4194, 4197, 4207, 4221, 4224]
661,[4188, 4189, 4195, 4196, 4198, 4211, 4222, 4223, 3305, 3304, 3303, 3302, 3292, 3287, 3273, 3264, 3262, 3246, 3235, 3232]
662,[4188, 4191, 4193, 4199]
663,[4170, 4172, 4174]
664,[4170, 4167, 4165]
665,[3232, 3230]
666,[3279, 3288, 3289, 3295, 3296, 3306, 4155]
667,[3279, 414, 411, 402, 400, 372]
668,[533, 547, 4120, 2258]
669,[533, 534]
670,[536, 582]
671,[536, 531]
672,[536, 556]
673,[531, 549, 565]
674,[545, 548]
675,[545, 551, 548]
676,[566, 589, 4113, 4112]
677,[566, 3990, 3989]
678,[566, 4332]
679,[4112, 4114, 2258]
680,[3988, 3985]
681,[3988, 3989]
682,[563, 572, 3663]
683,[563, 570]
684,[575, 4002, 4001, 4000, 3998, 3997, 3995, 3994]
685,[575, 5761]
686,[575, 5732]
687,[581, 3907]
688,[581, 3914]
689,[538, 557]
690,[538, 541]
691,[3991, 3989]
692,[3991, 3921]
693,[652, 668]
694,[652, 657]
695,[652, 662]
696,[635, 662]
697,[685, 345]
698,[685, 353, 342, 330]
699,[666, 682]
700,[666, 671, 679, 5896]
701,[4276, 4282, 4272]
702,[4276, 4274, 4273, 4269]
703,[698, 5899]
704,[653, 661]
705,[653, 5899]
706,[678, 692, 694, 699]
707,[678, 661]
708,[5860, 1534]
709,[5860, 5859]
710,[1071, 1074]
711,[1071, 1073]
712,[1068, 1069]
713,[1068, 1075]
714,[1143, 1120]
715,[1143, 1161]
716,[1079, 1075]
717,[1079, 1100]
718,[1079, 1085, 1097, 1108, 1116, 1117]
719,[673, 683, 696, 707, 5879, 5880, 5881]
720,[673, 706, 5912, 5911, 5910, 5909, 1168, 1162, 1159, 1153, 1148]
721,[672, 4295]
722,[672, 5905, 5906, 5907]
723,[4945, 4946, 4948, 4949, 4951, 1792, 1788, 1782, 1774, 1761]
724,[4945, 4947]
725,[4952, 4947]
726,[4952, 925]
727,[935, 4978]
728,[935, 5637, 5638, 5639]
729,[935, 5639]
730,[925, 4977]
731,[871, 884]
732,[871, 882, 900]
733,[4717, 4716, 4715, 4714, 4713, 4712, 1063, 1037, 1004, 1000, 995]
734,[4717, 4718, 4719, 4720, 4721, 4722, 4723, 4724, 4725, 4726, 4727, 4728, 4729, 4730, 4731, 4732, 4733, 4734, 4735, 4736, 4737, 4738, 4739, 4740, 4741, 4742, 4743, 4744, 4745]
735,[4745, 4746, 4747, 4749, 4751]
736,[885, 938, 942]
737,[885, 923, 884]
738,[359, 360, 364]
739,[359, 361, 380]
740,[362, 363]
741,[362, 370, 386]
742,[978, 984, 1051]
743,[978, 993]
744,[967, 971]
745,[958, 968]
746,[965, 976, 980, 983, 989, 994, 1021]
747,[965, 985]
748,[1876, 1870, 1835]
749,[1876, 1886]
750,[1876, 1896]
751,[1003, 1009]
752,[1003, 1034]
753,[995, 999, 1040, 1047]
754,[1006, 1018]
755,[1006, 1013]
756,[988, 998]
757,[988, 1018]
758,[1011, 1029, 1031, 1035, 1039, 1041, 1043, 1030, 1026, 1016, 1011]
759,[979, 981]
760,[979, 990]
761,[5679, 5681, 5684, 5685, 5686, 4826]
762,[5679, 5680, 5683, 4825, 4805, 4803]
763,[4828, 5521]
764,[4828, 4810]
765,[5571, 5570]
766,[5571, 5573, 5574, 5576]
767,[5579, 5581, 5584, 5583, 5579]
768,[5688, 5687]
769,[5688, 5689]
770,[5509, 5511, 5521]
771,[5509, 5508]
772,[912, 914, 5115]
773,[912, 906]
774,[906, 936, 5700, 5062, 5050, 5041, 5035, 5017]
775,[5613, 5612, 5608]
776,[5613, 5614, 5616]
777,[889, 5660]
778,[915, 5659, 5657, 5658, 5660]
779,[915, 940]
780,[812, 822, 5699]
781,[812, 786, 776]
782,[767, 776]
783,[767, 763]
784,[5201, 5187, 5150]
785,[928, 945, 5556]
786,[928, 5642, 5210, 5204]
787,[939, 5662]
788,[939, 5694]
789,[2624, 2623]
790,[2624, 2625]
791,[1716, 1695]
792,[1716, 1711]
793,[820, 827]
794,[820, 1709]
795,[772, 802]
796,[772, 778, 791, 798]
797,[770, 798]
798,[770, 793, 784]
799,[1711, 1699]
800,[1711, 1703]
801,[1713, 1719]
802,[1713, 1703]
803,[758, 768]
804,[747, 759]
805,[747, 763]
806,[799, 808, 819, 5181, 5171]
807,[799, 814]
808,[5171, 5158]
809,[5176, 5197, 5200]
810,[5176, 5452, 5453]
811,[5123, 5116]
812,[5123, 5135]
813,[5453, 5456]
814,[5459, 5461]
815,[5459, 5460]
816,[1480, 1489, 1506]
817,[1480, 1487]
818,[1470, 1473, 1482, 1484, 1485, 1488]
819,[1470, 1478, 1481]
820,[1336, 1330]
821,[1336, 1350]
822,[1350, 1352]
823,[1436, 1431]
824,[1436, 1448]
825,[1448, 1443]
826,[5923, 5922]
827,[5923, 5925]
828,[5923, 5924]
829,[2595, 2605, 2615]
830,[2595, 2599, 2601, 2603]
831,[5460, 5205, 5186]
832,[2611, 5952, 5951, 5950, 5949, 5328, 5314, 5307]
833,[2611, 5990, 5213, 5190, 5186]
834,[5947, 5333]
835,[5947, 5946]
836,[5340, 5338, 5336, 5335, 5334, 5337, 5339, 5342, 5348]
837,[5340, 5344, 5346, 5354, 5359, 5375, 5380, 5419, 5422, 5443, 5095, 5078]
838,[5381, 5397, 5407]
839,[5381, 5415]
840,[5381, 5329]
841,[5361, 5362, 5384]
842,[5361, 5364, 5378, 5403, 5439, 5447]
843,[5449, 5450, 5919]
844,[5449, 5437]
845,[5433, 5418]
846,[5433, 5437]
847,[164, 167, 173, 180, 185]
848,[164, 177]
849,[162, 194]
850,[162, 190]
851,[172, 183]
852,[172, 182]
853,[197, 207, 212, 224, 233, 234]
854,[197, 204]
855,[178, 196, 198, 218, 5804]
856,[178, 4941, 4940, 4937, 4935]
857,[3865, 3876]
858,[3856, 3868]
859,[3856, 3864]
860,[3555, 3543, 3530]
861,[3555, 4335, 3903]
862,[3857, 3874]
863,[3857, 3858, 3875, 3887, 3888, 3893, 3897]
864,[4232, 4235, 4238, 4243, 4248, 4255]
865,[4232, 4234, 4237]
866,[4228, 3913, 3906]
867,[4228, 3912, 3909, 3905, 3902]
868,[343, 320, 296]
869,[343, 4344, 338, 325, 311, 296]
870,[3894, 3900, 3902]
871,[3894, 3907]
872,[3903, 3914]
873,[3903, 3908]
874,[3831, 3846]
875,[3831, 3842]
876,[3826, 3834]
877,[3826, 3830, 3839, 3834]
878,[3808, 3568]
879,[3808, 3814]
880,[3813, 3820]
881,[3813, 3814]
882,[3842, 3862, 3873, 3878, 3884]
883,[308, 317, 352]
884,[308, 332, 4336]
885,[277, 284]
886,[277, 300]
887,[262, 272, 279, 268]
888,[262, 264, 268]
889,[347, 3720, 3718]
890,[347, 336, 327, 300]
891,[282, 275]
892,[282, 287, 286, 275]
893,[3701, 3699]
894,[3701, 3704, 3707]
895,[3699, 3698, 3695, 3693]
896,[290, 337, 351]
897,[290, 326]
898,[290, 5897]
899,[302, 318]
900,[302, 5896]
901,[285, 291, 305, 316, 324]
902,[285, 345]
903,[4154, 4157]
904,[4154, 4152]
905,[4199, 4201, 4206, 4210, 4213, 4215]
906,[4199, 4200, 4202]
907,[4174, 4177, 4180, 4179, 4178, 4176, 4174]
908,[4165, 4166]
909,[4165, 4163, 4161, 4156, 4152]
910,[3230, 3227, 3223, 3219, 3217, 3214, 3213]
911,[3230, 3243, 3257, 3261, 3268, 3271, 3275, 3276, 3280, 3282, 3284, 3285, 3283]
912,[4155, 4158]
913,[4155, 4152]
914,[372, 364]
915,[372, 399, 409]
916,[372, 377, 415]
917,[2258, 2242]
918,[534, 558, 561]
919,[534, 559, 562]
920,[582, 4116, 4115]
921,[582, 3994]
922,[556, 580, 585, 4141, 4142, 4143]
923,[556, 569]
924,[548, 550]
925,[4332, 4312]
926,[4332, 4317]
927,[3985, 3986, 3987, 3985]
928,[3663, 3662]
929,[3663, 3666, 3669, 3674, 3678, 3681, 3684, 3686, 5777, 5776, 5775, 3685]
930,[570, 587]
931,[570, 5773]
932,[3994, 3993]
933,[5761, 5760, 5759]
934,[5761, 5762, 5763, 5764]
935,[5732, 5737]
936,[5732, 5726]
937,[3907, 3910]
938,[3907, 3911]
939,[3914, 3944]
940,[541, 554, 3947]
941,[541, 567, 578, 584, 586, 3955, 3954]
942,[3921, 3910]
943,[3921, 4333, 4334]
944,[668, 691]
945,[668, 675, 693, 5852]
946,[657, 704]
947,[657, 705]
948,[657, 690, 1401]
949,[662, 682]
950,[662, 677]
951,[345, 5896]
952,[330, 324]
953,[330, 350, 340]
954,[682, 684]
955,[5896, 5897]
956,[4272, 4275]
957,[4272, 4271, 4270, 4256]
958,[4269, 4268, 4265, 4258, 4254]
959,[4269, 352]
960,[5899, 5898]
961,[661, 674]
962,[1534, 5908]
963,[1534, 1516, 1514, 1509, 1493, 1487]
964,[5859, 5858]
965,[5859, 5861]
966,[1074, 1080]
967,[1074, 1076]
968,[1073, 1069]
969,[1073, 1077]
970,[1069, 1072, 1078]
971,[1075, 1078]
972,[1120, 1118]
973,[1120, 1146]
974,[1100, 1102]
975,[1100, 1111]
976,[1117, 1133, 1139, 1141]
977,[1117, 1124, 5993, 5994]
978,[1148, 1174]
979,[1148, 1126]
980,[4295, 4288]
981,[4295, 4298, 4301]
982,[1761, 1758]
983,[1761, 1767]
984,[4947, 4950, 1781]
985,[4978, 940]
986,[4978, 4977]
987,[5639, 940]
988,[4977, 1755, 1745, 1741]
989,[4977, 4976, 1790, 1781]
990,[884, 898, 913, 924]
991,[900, 907, 1556, 1555, 1553, 1552, 1550, 1549]
992,[900, 937]
993,[4751, 4753]
994,[4751, 4754]
995,[942, 5498, 5496, 5492]
996,[942, 5519]
997,[364, 384]
998,[380, 389]
999,[380, 385]
1000,[363, 368]
1001,[363, 365, 367]
1002,[386, 390]
1003,[386, 403]
1004,[1051, 1060]
1005,[1051, 3332, 3331, 3333, 3334]
1006,[993, 1010, 1017]
1007,[993, 971]
1008,[971, 972, 986]
1009,[985, 1009]
1010,[985, 1008, 1032, 1056]
1011,[1835, 1831]
1012,[1835, 1854]
1013,[1886, 1867]
1014,[1886, 1836]
1015,[1896, 4840]
1016,[1896, 4833, 4834, 4835, 4836, 4837, 4838, 4839, 4840]
1017,[1009, 1020]
1018,[1018, 1033]
1019,[1013, 1022, 1027]
1020,[1013, 1038, 1048, 1061]
1021,[998, 1002, 992, 990]
1022,[998, 1001]
1023,[981, 987, 996]
1024,[981, 990]
1025,[990, 1012]
1026,[4826, 4811]
1027,[4826, 5564, 5563, 5562]
1028,[4803, 4813]
1029,[4803, 4787]
1030,[4810, 4822]
1031,[4810, 4806, 4798, 4782]
1032,[5570, 5085]
1033,[5570, 5572, 5578, 5085]
1034,[5576, 5577, 5580]
1035,[5576, 5582, 5586, 5088, 5038]
1036,[5689, 5694]
1037,[5689, 5690, 5691, 5692, 5693, 5695, 5696, 5698]
1038,[5508, 5510]
1039,[5508, 5505, 5503, 5501, 5499]
1040,[5115, 5108]
1041,[5115, 5126]
1042,[5017, 5008, 5000, 4992, 4985]
1043,[5017, 5030]
1044,[5608, 5601, 5596]
1045,[5608, 5610]
1046,[5660, 5663]
1047,[5660, 5661, 5662]
1048,[776, 771, 759]
1049,[763, 806, 817, 5156]
1050,[5150, 5139]
1051,[5150, 5154, 5156]
1052,[5204, 5557]
1053,[5204, 5641]
1054,[5204, 5191]
1055,[5662, 5664]
1056,[5694, 5697]
1057,[1695, 1685]
1058,[1695, 1704]
1059,[827, 4973]
1060,[827, 1717]
1061,[827, 802]
1062,[1709, 1704]
1063,[1709, 1715]
1064,[802, 4974]
1065,[798, 811, 4974]
1066,[784, 801]
1067,[784, 785]
1068,[784, 768]
1069,[1699, 1685]
1070,[1699, 1691]
1071,[1703, 1691]
1072,[1719, 1720, 1721, 1722, 1723]
1073,[1719, 1714, 1705]
1074,[768, 775]
1075,[759, 775]
1076,[814, 818, 823, 816, 814]
1077,[5158, 5129]
1078,[5158, 5135]
1079,[5200, 5194, 5175]
1080,[5200, 5456]
1081,[5116, 5134]
1082,[5116, 5114, 5111, 5109, 5105]
1083,[5135, 5147]
1084,[5456, 5458]
1085,[1506, 1529, 1531]
1086,[1506, 1521]
1087,[1506, 1528]
1088,[1487, 1420, 1410, 1408]
1089,[1330, 1337]
1090,[1330, 1329]
1091,[1330, 1324]
1092,[1431, 1443]
1093,[1431, 1429]
1094,[1443, 1446]
1095,[5925, 5928]
1096,[5925, 5929]
1097,[5924, 5926]
1098,[5924, 5927, 5931, 5932, 5928]
1099,[2615, 5316]
1100,[2615, 5946]
1101,[2615, 5991]
1102,[5186, 5175]
1103,[5307, 5304, 5292]
1104,[5307, 5317]
1105,[5333, 5330, 5317]
1106,[5333, 5987, 5986]
1107,[5946, 5945]
1108,[5348, 5353, 5356]
1109,[5348, 5369]
1110,[5078, 5071, 5051, 5047]
1111,[5078, 5413]
1112,[5407, 5387]
1113,[5407, 5416, 5427, 5441, 5670, 5669]
1114,[5415, 5417, 5418]
1115,[5415, 5429, 5435]
1116,[5329, 5322, 5310, 5282]
1117,[5329, 5667, 5666]
1118,[5384, 5387]
1119,[5384, 5409]
1120,[5919, 5921, 5920, 5918, 5917]
1121,[5919, 5917]
1122,[5437, 5440]
1123,[5418, 5442, 5566]
1124,[185, 191]
1125,[185, 203, 228]
1126,[194, 227, 3452]
1127,[194, 3505, 3502, 3499, 3497]
1128,[190, 193, 215, 3510]
1129,[190, 208, 230, 3500, 3498, 3497]
1130,[183, 186]
1131,[183, 200, 210, 213]
1132,[182, 188, 192, 187, 182]
1133,[234, 4939, 4938, 4936, 4935]
1134,[234, 5795, 5793, 5792]
1135,[204, 206, 3755]
1136,[204, 219]
1137,[5804, 5803, 5802, 5801, 5800, 5799, 5798, 5797, 5796]
1138,[5804, 5805, 5806, 5807, 5808, 5809, 5810, 5811, 5812, 5813, 5814, 5815, 5816, 5817]
1139,[4935, 4934, 4932, 4930]
1140,[3876, 3882, 3885, 3880, 3876]
1141,[3868, 3871, 3872, 3870, 3868]
1142,[3530, 3528, 3521]
1143,[3530, 3536]
1144,[3530, 3544, 3559, 3562, 3565, 3930, 3929]
1145,[3874, 3883, 3886, 3892]
1146,[3874, 3897]
1147,[3897, 3561]
1148,[4255, 4262]
1149,[4255, 3917, 3906]
1150,[4237, 4241]
1151,[4237, 4240, 4242, 4244]
1152,[4237, 4239, 4245, 4256]
1153,[3906, 3904, 3902]
1154,[3908, 3916, 3919, 3922]
1155,[3908, 3911]
1156,[3908, 3915, 5767]
1157,[3834, 3843]
1158,[3568, 3549, 3541]
1159,[3568, 3877, 3869]
1160,[3814, 3817, 3819]
1161,[3820, 3821, 3824]
1162,[3820, 3825]
1163,[352, 4246, 4241]
1164,[284, 297, 303, 315, 331]
1165,[284, 295, 312, 300]
1166,[268, 271, 275]
1167,[3718, 3721, 331]
1168,[3718, 3716]
1169,[3707, 3710, 3712, 3716]
1170,[3707, 3708, 3709, 3713]
1171,[3693, 3694, 3696]
1172,[3693, 3691, 3690, 3689]
1173,[351, 2096]
1174,[351, 2145, 2142]
1175,[326, 339, 2072]
1176,[326, 346, 2085]
1177,[5897, 684]
1178,[318, 321, 322, 318]
1179,[324, 340]
1180,[324, 333, 349, 5890]
1181,[4152, 4151, 4153, 4160]
1182,[4202, 4203, 4205, 4209, 4212, 4218, 4219, 4220]
1183,[4202, 4204]
1184,[4166, 4168, 4169, 4166]
1185,[3213, 3212, 3211, 3208, 3204, 3203, 3202, 3201]
1186,[3213, 3215, 3216, 3218, 3220]
1187,[3283, 3286, 3290, 3291, 3293, 3294, 3297, 3298, 3299, 3300, 3301, 4216, 4208, 4204]
1188,[3283, 3281, 3278, 3277, 3270, 3269, 3267, 3265, 3260, 3258, 3255, 3254, 3253, 3252, 3250, 3249, 3248, 3247, 3245, 3242, 3238, 3234, 3231, 3229, 3226, 3224, 3220]
1189,[409, 450]
1190,[409, 406]
1191,[415, 385]
1192,[415, 423, 427, 437, 444, 2826]
1193,[2242, 4117]
1194,[2242, 2204]
1195,[561, 571]
1196,[561, 568, 574, 579]
1197,[569, 573, 576, 569]
1198,[4312, 4319]
1199,[4312, 4308]
1200,[4317, 4327]
1201,[4317, 2229, 2204]
1202,[4317, 4300, 4292]
1203,[3662, 3661, 3659, 3657, 3642]
1204,[3662, 3668, 3685]
1205,[3685, 5764]
1206,[3685, 5774]
1207,[3685, 5778]
1208,[3993, 3992]
1209,[3993, 3996]
1210,[5764, 3683, 3671, 3658]
1211,[5737, 5739, 5741, 3676]
1212,[5737, 5740, 5742]
1213,[5726, 5725]
1214,[5726, 5727]
1215,[3910, 3918, 3920]
1216,[3911, 5767]
1217,[3944, 3943]
1218,[3944, 3947]
1219,[3947, 3950]
1220,[3954, 3950]
1221,[3954, 3956]
1222,[691, 1395, 1379]
1223,[691, 1407]
1224,[691, 5856, 5855]
1225,[5852, 5850, 5848, 5844, 5843]
1226,[5852, 5854, 5855]
1227,[704, 1379]
1228,[704, 1392]
1229,[705, 2114]
1230,[705, 677]
1231,[1401, 1286]
1232,[1401, 1366]
1233,[677, 689, 695]
1234,[340, 344]
1235,[684, 2135, 2124, 2122, 2116]
1236,[4275, 4279]
1237,[4275, 4277, 4283, 4287]
1238,[4256, 4261]
1239,[4254, 4241]
1240,[4254, 4261]
1241,[674, 703]
1242,[674, 5915, 5914]
1243,[5858, 5857]
1244,[5858, 703]
1245,[5861, 5862, 5863]
1246,[5861, 1521]
1247,[1080, 1092]
1248,[1080, 1086, 1091, 1093]
1249,[1076, 1081]
1250,[1076, 1089]
1251,[1077, 1084]
1252,[1077, 1082, 1083, 1088, 1090, 1084]
1253,[1078, 1095]
1254,[1118, 1111]
1255,[1118, 1127, 1136]
1256,[1102, 1126]
1257,[1102, 1113]
1258,[1111, 1131, 1135, 1137]
1259,[1141, 1145]
1260,[1141, 1149]
1261,[5994, 5995]
1262,[5994, 5996, 5999, 6001, 2237, 2234]
1263,[1174, 4327]
1264,[1174, 5867]
1265,[1126, 1155]
1266,[4288, 4293, 4296, 4297, 4299]
1267,[4288, 4285, 4281]
1268,[4301, 4304]
1269,[4301, 4303, 4306, 4309]
1270,[1758, 1739]
1271,[1758, 1786, 1779, 1754]
1272,[1767, 1740]
1273,[1767, 1771, 1773]
1274,[1781, 1778, 1773]
1275,[1741, 1734]
1276,[1741, 1749]
1277,[1741, 1737]
1278,[924, 5672, 5671]
1279,[924, 1549]
1280,[1549, 1546, 1544, 1539]
1281,[4753, 4755]
1282,[4753, 4760, 4761, 4764]
1283,[4754, 4756, 4763, 4771, 4778, 4784, 4799]
1284,[4754, 4758]
1285,[5492, 5485, 5482, 5478]
1286,[5492, 5494, 5497, 5499]
1287,[5519, 5514]
1288,[5519, 5523]
1289,[384, 412]
1290,[384, 388]
1291,[385, 394]
1292,[368, 383]
1293,[368, 378, 407]
1294,[367, 369]
1295,[367, 371]
1296,[390, 404]
1297,[390, 395, 422]
1298,[1060, 3186]
1299,[1060, 3309, 3308]
1300,[3334, 3335]
1301,[3334, 3336]
1302,[986, 991, 996]
1303,[986, 1019]
1304,[1831, 1822, 1803]
1305,[1831, 1836]
1306,[1854, 1863]
1307,[1854, 1883, 1892, 4853]
1308,[1867, 1908]
1309,[1867, 1849]
1310,[1867, 1891]
1311,[1836, 1814]
1312,[1836, 1825]
1313,[4840, 1887]
1314,[1020, 1054]
1315,[1020, 1028, 1053, 4675]
1316,[1033, 1046]
1317,[1033, 1001]
1318,[1027, 1036, 1050]
1319,[1027, 1052]
1320,[1027, 1046]
1321,[1061, 1052]
1322,[1061, 2468]
1323,[1001, 1015, 1025]
1324,[996, 1005]
1325,[4811, 4809]
1326,[4811, 4820, 4817, 4814, 4809]
1327,[5562, 5565]
1328,[5562, 5561, 5560, 5559]
1329,[4813, 4815, 4818, 4816, 4813]
1330,[4787, 4809]
1331,[4787, 4780]
1332,[4787, 4797]
1333,[4822, 4829]
1334,[4822, 5479]
1335,[4782, 4796]
1336,[4782, 4780]
1337,[5085, 5075, 5064]
1338,[5580, 5587]
1339,[5580, 5588, 5590]
1340,[5038, 5029]
1341,[5038, 5049]
1342,[5510, 5514]
1343,[5510, 5513, 5517, 5524]
1344,[5499, 5500, 5502]
1345,[5108, 5119, 5132, 5143, 5160, 5148, 5138]
1346,[5108, 5100]
1347,[4985, 4994]
1348,[4985, 4982, 4980]
1349,[5030, 5033, 5037, 5032, 5030]
1350,[5596, 5591]
1351,[5596, 5604, 5603]
1352,[5156, 5183, 5191]
1353,[5139, 5138]
1354,[5139, 5152, 5163]
1355,[5191, 5193]
1356,[1685, 1682, 1678]
1357,[1685, 1677]
1358,[1704, 1701, 1696]
1359,[4973, 1780, 1765]
1360,[4973, 4974]
1361,[1717, 1715]
1362,[1717, 1734]
1363,[1717, 1710]
1364,[1715, 1707]
1365,[801, 4956, 1783, 1765]
1366,[801, 807]
1367,[785, 807]
1368,[785, 775]
1369,[1691, 1698]
1370,[1691, 1677]
1371,[1705, 1692]
1372,[1705, 1698]
1373,[1705, 1712]
1374,[5129, 5138]
1375,[5129, 5113, 5106, 5102, 5100]
1376,[5175, 5134]
1377,[5134, 5145]
1378,[5105, 5107, 5112, 5133]
1379,[5105, 5100]
1380,[1521, 1170]
1381,[1408, 1402, 1388]
1382,[1408, 1412, 5891, 1418, 1414, 1409, 1394]
1383,[1329, 1335, 1347, 1355]
1384,[1329, 1324]
1385,[1324, 1317, 1312]
1386,[1429, 1428]
1387,[1429, 1432]
1388,[1446, 1432]
1389,[1446, 1450, 1459]
1390,[5928, 5933, 5938]
1391,[5926, 5942]
1392,[5926, 5930]
1393,[5316, 5313]
1394,[5316, 5323, 5320, 5313]
1395,[5292, 5286, 5258]
1396,[5292, 5306]
1397,[5317, 5332, 5308]
1398,[5356, 5357, 5365, 4799]
1399,[5356, 5358]
1400,[5369, 5373, 5388]
1401,[5369, 5371, 5377, 5392, 5714]
1402,[5047, 5026]
1403,[5047, 5055, 5067, 5544, 5539]
1404,[5413, 5389, 5388]
1405,[5413, 5434, 5432, 5402, 5393, 5385]
1406,[5387, 5400, 5431]
1407,[5282, 5262]
1408,[5282, 5301]
1409,[5409, 5569, 5568, 5567]
1410,[5409, 5428, 5431]
1411,[5917, 5916]
1412,[191, 199]
1413,[191, 205, 214, 3518]
1414,[228, 3841]
1415,[228, 3924, 220, 202, 186]
1416,[3452, 3454]
1417,[3452, 3453, 3459, 3461]
1418,[3497, 3495, 3487, 3485]
1419,[3510, 3513]
1420,[3510, 3503]
1421,[186, 209]
1422,[213, 222]
1423,[213, 232, 3688]
1424,[5792, 5794]
1425,[5792, 5791, 5789]
1426,[3755, 3756, 3759]
1427,[3755, 3747, 3741]
1428,[219, 5837]
1429,[219, 229, 3711, 3706, 3705]
1430,[4930, 4925]
1431,[4930, 4931, 4933, 3798, 3792]
1432,[3521, 3515, 3509]
1433,[3521, 3523, 3526, 3520]
1434,[3521, 3522, 3525, 3531, 3532]
1435,[3536, 3539]
1436,[3536, 3551]
1437,[3929, 3928, 3927, 3926, 3925, 3563, 3551]
1438,[3929, 3931, 3932, 3933, 3934, 3935]
1439,[3892, 3553]
1440,[3892, 3896, 3898, 3899]
1441,[3561, 3553]
1442,[3561, 3552, 3535]
1443,[4244, 4247]
1444,[4244, 4250]
1445,[3922, 3923, 4337, 4338, 3922]
1446,[5767, 5765, 5766]
1447,[3843, 3861, 235]
1448,[3843, 209]
1449,[3541, 3529]
1450,[3541, 3564, 3869]
1451,[3869, 3867, 3854]
1452,[3824, 3828, 3836]
1453,[3824, 3827]
1454,[331, 2142]
1455,[3716, 2143]
1456,[3696, 3700, 3703, 3714]
1457,[3696, 3697, 3705]
1458,[3689, 3688]
1459,[3689, 3692]
1460,[2096, 2085]
1461,[2096, 2094]
1462,[2142, 2130, 2125, 2117]
1463,[2072, 2069, 2064]
1464,[2072, 2089, 2097]
1465,[2085, 2051]
1466,[4204, 4214, 4217]
1467,[3201, 3205, 3206, 3207, 3209, 3210]
1468,[3201, 3198, 3193, 3192]
1469,[3220, 3221, 3222, 3225, 3228]
1470,[406, 443]
1471,[406, 388]
1472,[2826, 2824]
1473,[2826, 2828, 2829, 2830, 2831, 2832]
1474,[2204, 2196]
1475,[571, 2221]
1476,[571, 4126]
1477,[4308, 4305]
1478,[4308, 4320, 4322, 4325, 4329]
1479,[4327, 4330, 4331]
1480,[4292, 4302]
1481,[4292, 4281]
1482,[3642, 3645]
1483,[3642, 3637]
1484,[5778, 5780, 5781, 5779, 5778]
1485,[3996, 3999]
1486,[3996, 4003]
1487,[3658, 3670]
1488,[3658, 3649, 3636]
1489,[3658, 3664, 3676]
1490,[3676, 5746, 5745]
1491,[5725, 5723, 5721, 5722, 5724, 4092]
1492,[5725, 5731, 5733, 5734, 5735, 5736, 5738, 5743, 5744]
1493,[5727, 5729]
1494,[5727, 5728, 5729]
1495,[3943, 3939, 3938]
1496,[3943, 3677, 3675]
1497,[3950, 3952, 3956]
1498,[3956, 3957, 3958, 3959, 3960, 3961, 3962, 3680, 3675]
1499,[1379, 1351]
1500,[1407, 1394]
1501,[1407, 1416, 5851, 5849]
1502,[5855, 5853, 5849]
1503,[5843, 5845, 5847, 5846]
1504,[5843, 5846]
1505,[1392, 1386, 1377, 1375, 1366]
1506,[1392, 1406, 1411]
1507,[1392, 1374, 1368]
1508,[2114, 5888, 5887]
1509,[2114, 2101]
1510,[1286, 1399, 1383]
1511,[1286, 1264, 1234]
1512,[1366, 1354]
1513,[1366, 1381]
1514,[2116, 2101]
1515,[2116, 2097]
1516,[4279, 4280, 4290, 4291]
1517,[4279, 4281]
1518,[4261, 4267]
1519,[703, 1094]
1520,[703, 1132]
1521,[1092, 1103]
1522,[1092, 1099, 1104, 1112]
1523,[1081, 1096]
1524,[1081, 1087, 1094]
1525,[1084, 1095]
1526,[1095, 1103]
1527,[1113, 1119, 1122, 1130]
1528,[1113, 1121, 1138, 1142]
1529,[1145, 1154]
1530,[1145, 1157]
1531,[1149, 1157]
1532,[1149, 1130]
1533,[5995, 5997, 5998, 6000]
1534,[5995, 6002]
1535,[2234, 2249]
1536,[2234, 2253, 2246, 2235, 2224, 2211]
1537,[2234, 2191, 2173]
1538,[5867, 5866]
1539,[5867, 5868]
1540,[1155, 6081]
1541,[1155, 1142]
1542,[1739, 1738]
1543,[1739, 1732]
1544,[1754, 1732]
1545,[1754, 1756]
1546,[1740, 1738]
1547,[1740, 1735]
1548,[1773, 1753, 1737]
1549,[1734, 1742]
1550,[1734, 1729]
1551,[1749, 1766, 1787]
1552,[1749, 1742]
1553,[1737, 1735]
1554,[1539, 1542]
1555,[1539, 1540, 1541, 1547]
1556,[1539, 1545, 1548]
1557,[4755, 4769]
1558,[4755, 4757]
1559,[4799, 4808]
1560,[4758, 4762, 4773]
1561,[4758, 4772, 4774, 4770, 4767, 4765, 4757]
1562,[5478, 5473, 5471]
1563,[5478, 5483, 5486]
1564,[5514, 5516]
1565,[5523, 5526, 5535, 5536]
1566,[5523, 5528, 5530, 5531]
1567,[412, 419, 424]
1568,[412, 396]
1569,[388, 408]
1570,[383, 392]
1571,[383, 374]
1572,[407, 430]
1573,[407, 2781]
1574,[369, 373]
1575,[369, 374]
1576,[371, 376]
1577,[371, 374]
1578,[404, 431]
1579,[404, 449]
1580,[422, 465, 2884]
1581,[422, 2918]
1582,[3186, 3187, 3184, 3182, 3180]
1583,[3186, 3188]
1584,[3308, 3172]
1585,[3308, 3310, 1024]
1586,[3336, 3181]
1587,[3336, 3337]
1588,[1803, 1806, 1810]
1589,[1803, 1799]
1590,[1863, 1887]
1591,[1863, 1874, 1877, 1879, 1890, 1898, 1887]
1592,[1908, 3438]
1593,[1908, 4697]
1594,[1849, 1860, 1866, 1885]
1595,[1849, 1837]
1596,[1891, 4699, 4698, 4697]
1597,[1891, 4681]
1598,[1814, 1817, 1821, 1824]
1599,[1814, 1809]
1600,[1825, 1837]
1601,[1825, 1809]
1602,[1054, 4681]
1603,[1054, 4676]
1604,[4675, 4674, 4673, 4672]
1605,[4675, 4676]
1606,[1046, 1049, 1055]
1607,[1050, 2457]
1608,[1050, 3449, 1058, 1057]
1609,[1050, 2964]
1610,[1052, 3313]
1611,[2468, 2458, 2451, 2445]
1612,[2468, 2470, 2457]
1613,[1025, 1024]
1614,[1025, 1045]
1615,[1005, 1014, 1024]
1616,[1005, 1023, 1042]
1617,[5559, 5558]
1618,[5559, 4827, 4823]
1619,[4780, 4766]
1620,[4797, 4800, 4801, 4802]
1621,[4797, 4791]
1622,[4829, 5475]
1623,[4829, 5495, 5493, 5491, 5490, 5480, 5472]
1624,[5479, 5468]
1625,[5479, 5475]
1626,[5064, 5082, 5089]
1627,[5064, 5039]
1628,[5587, 5591]
1629,[5587, 5597, 5599]
1630,[5590, 5594, 5592, 5590]
1631,[5029, 5036, 5039]
1632,[5029, 5019]
1633,[5049, 5054]
1634,[5049, 5070]
1635,[5502, 5504, 5507, 5506, 5502]
1636,[5100, 5099]
1637,[4994, 5006]
1638,[4994, 4995, 5007, 5018, 5022]
1639,[4980, 4981]
1640,[4980, 4988, 4993]
1641,[4980, 4983]
1642,[5591, 5598]
1643,[5603, 5599]
1644,[5603, 5606, 5602, 5599]
1645,[5163, 5168, 5182, 5185]
1646,[5163, 5189, 5192, 5198, 5207]
1647,[1678, 1675]
1648,[1678, 1681, 1694]
1649,[1678, 1684]
1650,[1677, 1675]
1651,[1677, 1683]
1652,[1696, 1697, 1702]
1653,[1696, 1694]
1654,[1765, 1787]
1655,[1765, 1748, 1742]
1656,[1710, 1707]
1657,[1710, 1718]
1658,[1707, 1706]
1659,[1707, 1670]
1660,[807, 826, 4953]
1661,[1698, 1683]
1662,[1698, 1708]
1663,[1692, 1700, 1301]
1664,[1692, 1686, 1679]
1665,[1692, 1683]
1666,[5145, 5162, 5170, 5173, 5178]
1667,[5145, 5164]
1668,[5133, 5166, 5159, 5128, 5125]
1669,[5133, 5195]
1670,[1170, 1158]
1671,[1170, 1430]
1672,[1170, 1132]
1673,[1388, 1384]
1674,[1388, 1385, 1380, 1359, 1346, 1341, 1334, 1325, 1320, 1318, 1313, 1312]
1675,[1394, 1391, 1389, 1361, 1357, 1353]
1676,[1394, 1397, 1413]
1677,[1355, 1363, 1367, 1373]
1678,[1355, 1344]
1679,[1355, 1376]
1680,[1312, 1319, 1323, 1328]
1681,[1312, 1307]
1682,[1428, 1426, 1421]
1683,[1428, 1430]
1684,[1432, 1437]
1685,[1459, 1465]
1686,[1459, 1442]
1687,[5938, 5940, 5939, 5937, 5935, 5930]
1688,[5938, 5941]
1689,[5930, 5934]
1690,[5313, 5308]
1691,[5258, 5252]
1692,[5258, 5273, 5275]
1693,[5308, 5302, 5295, 5293]
1694,[5358, 5367, 5385]
1695,[5358, 5368]
1696,[5388, 5405, 5426, 5438, 5653, 5654, 5655, 5656]
1697,[5026, 5020, 5003]
1698,[5026, 5042]
1699,[5539, 5538]
1700,[5539, 5540]
1701,[5385, 5410]
1702,[5431, 5445, 5048, 5031, 5027, 5012, 4997, 4981]
1703,[5262, 5231]
1704,[5262, 5283]
1705,[5301, 5327]
1706,[5301, 5303, 5294, 5285, 5279, 5259]
1707,[199, 211, 226, 3513]
1708,[199, 216]
1709,[3518, 3513]
1710,[3518, 3516, 3511]
1711,[3841, 3852, 3853, 3849]
1712,[3841, 3837, 3827]
1713,[3454, 3455, 3457, 3458, 3460, 3463]
1714,[3454, 3456]
1715,[3485, 2378, 2361]
1716,[3485, 3481]
1717,[3485, 3494, 3503]
1718,[3503, 3511]
1719,[3503, 3507, 3508, 3509]
1720,[209, 223, 235]
1721,[209, 217, 3849]
1722,[222, 3692]
1723,[222, 3688]
1724,[5789, 5785]
1725,[5789, 5790, 3801, 3797, 3785]
1726,[3759, 3761, 3762]
1727,[3759, 3763, 3765, 3769]
1728,[3741, 3738]
1729,[3741, 3732]
1730,[3705, 3715]
1731,[4925, 4926, 4927, 4928, 4929]
1732,[4925, 4924, 4923, 4922, 4921, 4920, 4918, 4916]
1733,[3792, 3799, 5783]
1734,[3792, 3790]
1735,[3509, 3512, 3514, 3517, 3520]
1736,[3520, 3524, 3533]
1737,[3532, 3537, 3550]
1738,[3532, 3534, 3542, 3548, 3546]
1739,[3539, 3533]
1740,[3539, 3551]
1741,[3551, 3554]
1742,[3935, 3937, 3940, 3942, 3946]
1743,[3935, 3936, 3938]
1744,[3553, 3538, 3529]
1745,[3535, 3529]
1746,[3535, 3545, 3546]
1747,[4247, 4251, 4252, 4249, 4247]
1748,[4250, 4253]
1749,[4250, 4259, 4264]
1750,[235, 3692]
1751,[3529, 3527, 3519, 3511]
1752,[3854, 3866]
1753,[3854, 3844]
1754,[3836, 3838, 3849]
1755,[3836, 3827]
1756,[3827, 3832, 3840, 3844]
1757,[2143, 2131]
1758,[2143, 3748]
1759,[3714, 3717]
1760,[3714, 3719]
1761,[2094, 2117]
1762,[2094, 2075]
1763,[2117, 2131]
1764,[2064, 2057]
1765,[2064, 2051]
1766,[2097, 2087, 2057]
1767,[2051, 2045]
1768,[2051, 2037, 2034, 2033]
1769,[3192, 3194]
1770,[3192, 3195, 3196, 3199, 3200]
1771,[3192, 3190]
1772,[3228, 3239, 3266, 3263, 3259, 3251, 3244, 3240, 3236, 3228]
1773,[2824, 2827, 2833, 2834, 2835, 2836, 2837]
1774,[2824, 2825]
1775,[2196, 2226]
1776,[2196, 2166]
1777,[2221, 2186, 2166]
1778,[2221, 2178]
1779,[4126, 4122, 4123, 4124, 4125]
1780,[4126, 4127]
1781,[4305, 4302]
1782,[4305, 4310, 4316, 4321, 4328]
1783,[4302, 4307, 4311, 4313, 4314, 4315, 4318]
1784,[3645, 3639]
1785,[3645, 3643]
1786,[3637, 3631]
1787,[3637, 3643]
1788,[3999, 4004]
1789,[3999, 4007]
1790,[4003, 4006]
1791,[4003, 4011]
1792,[3636, 3634, 3631]
1793,[3636, 3648]
1794,[5745, 5748, 5750]
1795,[5745, 5744]
1796,[4092, 4089, 4083, 4060]
1797,[4092, 5758]
1798,[5744, 5747, 5749, 5751, 5752, 5753, 5754, 5755, 5756, 5757]
1799,[5729, 5730]
1800,[3938, 3941, 3945, 3948, 3951, 3953, 3673]
1801,[3675, 3665]
1802,[1351, 1349]
1803,[1351, 1353]
1804,[5849, 5846]
1805,[1368, 1371, 1358, 1354]
1806,[1368, 1349]
1807,[5887, 5886, 1296]
1808,[5887, 5889, 1290]
1809,[2101, 2099]
1810,[1383, 1299, 1269, 1251, 1231, 1227, 1224]
1811,[1383, 1381]
1812,[1234, 1224]
1813,[1234, 1229]
1814,[1354, 1333]
1815,[1354, 1370, 1291]
1816,[1381, 1291]
1817,[1094, 1098]
1818,[1132, 1109]
1819,[1103, 1107, 1140]
1820,[1103, 1125]
1821,[1112, 1128]
1822,[1112, 1151, 1172]
1823,[1096, 1101]
1824,[1096, 1105, 1110]
1825,[1130, 1160, 1142]
1826,[1154, 1164]
1827,[1154, 1163]
1828,[1157, 1164]
1829,[6000, 6004, 6005, 6006]
1830,[6000, 6003]
1831,[6002, 6021, 6033]
1832,[6002, 6007]
1833,[2249, 2254]
1834,[2249, 6019]
1835,[2211, 2218, 2222, 2225, 2232, 2243, 2256, 2259]
1836,[2211, 2203]
1837,[2173, 2158]
1838,[2173, 2185, 2198, 2200, 2203]
1839,[5868, 5872]
1840,[5868, 5869]
1841,[6081, 6082]
1842,[6081, 6080, 6079]
1843,[1738, 1730]
1844,[1732, 1731]
1845,[1732, 1733]
1846,[1756, 1770, 1776, 1759]
1847,[1756, 1733]
1848,[1735, 1729]
1849,[1729, 1727]
1850,[1787, 4954, 4955]
1851,[1542, 1543]
1852,[1542, 1551, 1554]
1853,[4757, 4766]
1854,[4773, 4776]
1855,[4773, 4791]
1856,[5471, 5476, 5481]
1857,[5471, 5467, 5466]
1858,[5486, 5487]
1859,[5486, 5488, 5487]
1860,[5531, 5533, 5534, 5531]
1861,[424, 433]
1862,[424, 426, 442]
1863,[396, 382]
1864,[396, 397, 401]
1865,[408, 435]
1866,[408, 420]
1867,[392, 387]
1868,[392, 398]
1869,[2781, 2778]
1870,[2781, 418]
1871,[373, 387]
1872,[373, 381, 382]
1873,[431, 436, 438, 434, 431]
1874,[449, 2848, 2843, 2840, 2839]
1875,[449, 2907, 2906]
1876,[449, 2918]
1877,[2884, 2881]
1878,[2884, 2896]
1879,[2918, 2917]
1880,[3180, 3185]
1881,[3180, 3173, 3165, 3161]
1882,[3172, 3176, 3161]
1883,[3172, 3162]
1884,[3181, 3341]
1885,[3181, 3168, 3163]
1886,[3337, 3338]
1887,[3337, 3339, 3340, 3341]
1888,[1810, 1804]
1889,[1810, 1812]
1890,[1799, 1800, 1796, 1794]
1891,[1799, 1797, 1793]
1892,[3438, 3432, 3428, 3422]
1893,[3438, 3448, 4852, 1903]
1894,[4697, 4696, 4694, 4695]
1895,[1837, 1871, 1882, 1903]
1896,[4681, 4680, 4679, 4678]
1897,[1809, 1832]
1898,[1809, 1802]
1899,[4676, 4677, 4678]
1900,[1055, 1057]
1901,[1055, 1059, 3450, 3451, 1064]
1902,[2457, 2453]
1903,[1057, 1062, 2976, 2973, 2971]
1904,[2964, 2954, 2945]
1905,[2964, 2972, 2980]
1906,[2445, 2435]
1907,[2445, 2446]
1908,[1045, 3312, 3311, 3177, 3162]
1909,[1045, 1064]
1910,[4823, 5645]
1911,[4823, 4812, 4807]
1912,[4766, 4777, 4779]
1913,[4791, 4804]
1914,[5475, 5472]
1915,[5472, 5470, 5466]
1916,[5468, 5466]
1917,[5468, 5469, 5474, 5477, 5481]
1918,[5039, 5045, 5052, 5056, 5068, 5081, 5711, 5712, 5713, 5066, 5065]
1919,[5019, 5001]
1920,[5019, 5028, 5034, 5024, 5015, 5004]
1921,[5054, 5058]
1922,[5054, 5061, 5609, 5607]
1923,[5099, 5098, 5120]
1924,[5099, 5101, 5103, 5104, 5110]
1925,[5006, 5009, 5013, 5010, 5006]
1926,[5022, 5044, 5069]
1927,[5022, 5043]
1928,[5022, 5046, 5080]
1929,[4981, 4984, 4986, 4987]
1930,[4993, 5003]
1931,[4993, 5025, 5014]
1932,[4983, 4989, 4991]
1933,[4983, 4990, 5001]
1934,[5598, 5607]
1935,[5598, 5605]
1936,[1675, 1679]
1937,[1675, 1676]
1938,[1694, 1687, 1684]
1939,[1684, 1689]
1940,[1683, 1679]
1941,[1702, 1693, 1689]
1942,[1702, 1706]
1943,[1718, 1725]
1944,[1718, 1724]
1945,[1706, 1631]
1946,[1706, 1670]
1947,[1670, 1648]
1948,[1301, 1348, 1328]
1949,[1301, 1235]
1950,[1679, 1690, 1688]
1951,[5125, 5131]
1952,[5125, 5120]
1953,[1158, 1129]
1954,[1158, 1178]
1955,[1430, 1433, 1434, 1435]
1956,[1384, 1382, 1364]
1957,[1384, 1396]
1958,[1353, 1364]
1959,[1344, 1328]
1960,[1344, 1365]
1961,[1307, 1303]
1962,[1307, 1309]
1963,[1307, 1311]
1964,[1421, 1425]
1965,[1421, 1423, 1424]
1966,[1421, 1422, 1424]
1967,[1437, 1438]
1968,[1437, 1442]
1969,[1465, 1467, 1476, 1486, 1492]
1970,[1465, 1507]
1971,[1442, 1150]
1972,[1442, 1449]
1973,[5934, 5936]
1974,[5934, 5943, 5944]
1975,[5252, 5249]
1976,[5252, 5269, 5265, 5249]
1977,[5275, 5278]
1978,[5275, 5281, 5284, 5278]
1979,[5293, 5291]
1980,[5293, 5299, 5297, 5291]
1981,[5368, 5376, 5382, 4788]
1982,[5368, 5410]
1983,[5003, 5005, 5011, 5023]
1984,[5003, 5097]
1985,[5538, 5537]
1986,[5538, 5541, 5542, 5543, 5097]
1987,[5410, 5648, 5644]
1988,[5231, 5219, 5217]
1989,[5231, 5233, 5235, 5236, 5247]
1990,[5231, 5242, 5250]
1991,[5283, 5289]
1992,[5283, 5298]
1993,[5259, 5270]
1994,[5259, 5250]
1995,[216, 221, 231, 225, 216]
1996,[3456, 3464, 3465]
1997,[3456, 3462, 3472]
1998,[2361, 2359, 2353, 2349, 2344, 2342]
1999,[2361, 2363, 2375, 3481]
2000,[3481, 3473, 3471, 3470, 3468, 3466, 3465]
2001,[5785, 5787, 5788, 5786, 5785]
2002,[3785, 3776]
2003,[3785, 3790]
2004,[3769, 3778, 3783]
2005,[3769, 3772, 3768, 3760, 3754]
2006,[3769, 3775, 3781]
2007,[3738, 3749, 3754]
2008,[3738, 3739, 3746]
2009,[3738, 3734, 3731, 3717]
2010,[3732, 3737]
2011,[3732, 3726, 3723, 3717]
2012,[4916, 4915, 4914, 4913, 4912, 4908, 4902, 4901]
2013,[4916, 4917, 4919, 3795]
2014,[3790, 3788]
2015,[3533, 3567, 3586]
2016,[3533, 3540, 3547, 3554]
2017,[3550, 3556, 3558]
2018,[3550, 3569]
2019,[3546, 3557]
2020,[3554, 3583, 3580]
2021,[3554, 3946]
2022,[3946, 3949, 3687, 3673]
2023,[4253, 4266]
2024,[4253, 4257]
2025,[3844, 3859]
2026,[2131, 2141, 4345, 4346]
2027,[3748, 3753]
2028,[3748, 3744, 3742]
2029,[3717, 3725]
2030,[3719, 3722, 3730]
2031,[3719, 3724, 3727, 3735]
2032,[2075, 2067, 2059, 2056, 2053, 2048]
2033,[2075, 2092]
2034,[2075, 2079, 3742]
2035,[2057, 2047]
2036,[2045, 2042, 2036]
2037,[2045, 2048]
2038,[2033, 2029]
2039,[2033, 2039]
2040,[3194, 3197]
2041,[3194, 3037, 3026, 3001]
2042,[3190, 3189]
2043,[3190, 3191]
2044,[2226, 2241]
2045,[2226, 2248]
2046,[2226, 2213]
2047,[2166, 2157]
2048,[2178, 2167]
2049,[2178, 2197]
2050,[4127, 4129, 4130]
2051,[4127, 4128]
2052,[4318, 4324]
2053,[4318, 4323, 4326]
2054,[3639, 3630, 3623]
2055,[3639, 3640, 3650]
2056,[3643, 3626, 3623]
2057,[3631, 3611]
2058,[4004, 4008]
2059,[4004, 4005, 4015]
2060,[4007, 4012, 4022, 4038, 4060]
2061,[4007, 4015]
2062,[4006, 4010]
2063,[4006, 2240]
2064,[4011, 4016]
2065,[4011, 4017, 4018, 4021]
2066,[4060, 4071, 4075, 4080, 4101]
2067,[3673, 3667, 3641]
2068,[3665, 3660, 3656]
2069,[3665, 3672]
2070,[1349, 1326]
2071,[1296, 1290]
2072,[1296, 1236, 1229]
2073,[1290, 2078]
2074,[1290, 1262]
2075,[2099, 2047]
2076,[2099, 2107, 2102, 2095]
2077,[1224, 1204]
2078,[1229, 1216]
2079,[1333, 1327, 1321, 1315]
2080,[1333, 1340, 1345, 1338, 1331, 1322]
2081,[1291, 1222]
2082,[1098, 1109]
2083,[1098, 1106]
2084,[1109, 1114]
2085,[1125, 1152]
2086,[1125, 1167]
2087,[1128, 1144]
2088,[1128, 1134, 1152]
2089,[1172, 1144]
2090,[1172, 1150]
2091,[1164, 1165, 1171]
2092,[1163, 1171]
2093,[1163, 1169]
2094,[6006, 6008]
2095,[6006, 6009, 6010, 6011]
2096,[6033, 6042]
2097,[6033, 6038]
2098,[6007, 6012]
2099,[6007, 6014]
2100,[2254, 2215]
2101,[2254, 2257]
2102,[6019, 6013]
2103,[6019, 6020]
2104,[2259, 6077]
2105,[2259, 6079]
2106,[2203, 2217]
2107,[2158, 2172]
2108,[2158, 2152]
2109,[5869, 5870, 5871, 5869]
2110,[6079, 6078]
2111,[1730, 1727]
2112,[1730, 1731]
2113,[1731, 1726]
2114,[1733, 1728]
2115,[1759, 1763]
2116,[1759, 1746, 1744]
2117,[1759, 1764]
2118,[1727, 1724]
2119,[4776, 4785]
2120,[4776, 4781]
2121,[5481, 5484]
2122,[5487, 5489]
2123,[442, 453]
2124,[442, 445, 470, 2923]
2125,[382, 391]
2126,[401, 405, 416, 429, 3102]
2127,[401, 413, 421, 425]
2128,[435, 3087, 3076, 3072]
2129,[435, 454, 459]
2130,[420, 456, 459]
2131,[420, 440]
2132,[387, 391]
2133,[398, 391]
2134,[398, 418]
2135,[2778, 2809]
2136,[2778, 2767]
2137,[418, 428]
2138,[2839, 2838]
2139,[2839, 2841, 2842, 2844, 2846, 2851, 2858]
2140,[2906, 2904, 2902, 2900, 2899]
2141,[2906, 2908, 2909, 2910, 2911, 2912]
2142,[2881, 2858]
2143,[2881, 2895]
2144,[2917, 2913]
2145,[2917, 2919]
2146,[3161, 3157, 3150]
2147,[3162, 3160]
2148,[3341, 3342, 3343, 3344]
2149,[3163, 3156, 3150]
2150,[3163, 3170, 3178, 4693]
2151,[1804, 1801, 1793]
2152,[1804, 1807]
2153,[1812, 1813]
2154,[1812, 1826]
2155,[1794, 1793]
2156,[1794, 1798]
2157,[1793, 1795, 1798]
2158,[3422, 4678]
2159,[3422, 3387]
2160,[1903, 1881]
2161,[1832, 1833]
2162,[1832, 1858]
2163,[1802, 1798]
2164,[1802, 1805]
2165,[1064, 3324]
2166,[2453, 2469, 2477, 2485, 2488, 2492, 2499]
2167,[2453, 2446]
2168,[2971, 2946]
2169,[2971, 2974]
2170,[2945, 2948]
2171,[2945, 2938]
2172,[2435, 2425]
2173,[2435, 2442, 2459, 2460]
2174,[2446, 2456, 2465, 2957, 2950]
2175,[5645, 5644]
2176,[5645, 5646, 5647, 5649]
2177,[4807, 4819, 5649]
2178,[4807, 4804]
2179,[4804, 4824]
2180,[5065, 5087]
2181,[5065, 5053]
2182,[5001, 5004]
2183,[5004, 5002]
2184,[5058, 5079]
2185,[5058, 5073, 5094]
2186,[5607, 5611]
2187,[5120, 5130]
2188,[5110, 5118]
2189,[5110, 5117, 5124]
2190,[5069, 5083]
2191,[5069, 5091, 5550]
2192,[5043, 5057]
2193,[5043, 5059, 5077, 5550]
2194,[5080, 5096, 5199]
2195,[5080, 5184]
2196,[5014, 4999]
2197,[5014, 5040, 5053]
2198,[4991, 4999]
2199,[4991, 4996, 4998]
2200,[1676, 1643]
2201,[1676, 1680, 1688]
2202,[1689, 1643]
2203,[1689, 1650, 1631]
2204,[1725, 1728]
2205,[1725, 1726]
2206,[1724, 1726]
2207,[1631, 1615, 1603, 1591]
2208,[1631, 1601]
2209,[1648, 1666]
2210,[1648, 1636]
2211,[1235, 1230]
2212,[1235, 1252]
2213,[1688, 1295, 1288, 1272]
2214,[5131, 5144, 5174]
2215,[5131, 5142]
2216,[1129, 1114]
2217,[1129, 1147, 1150]
2218,[1364, 1360, 1342, 1332, 1326]
2219,[1303, 1309]
2220,[1303, 1305]
2221,[1303, 1304, 1310, 1314, 1267]
2222,[1309, 1315]
2223,[1311, 1316, 1302, 1289]
2224,[1311, 1308, 1306, 1305]
2225,[1424, 1427]
2226,[1438, 1439]
2227,[1438, 1440]
2228,[1492, 1505]
2229,[1492, 1512, 1519]
2230,[1492, 1498]
2231,[1507, 1526]
2232,[1507, 1517, 1523]
2233,[1449, 1182]
2234,[1449, 1452, 1453, 1456]
2235,[5249, 5243, 5229, 5223]
2236,[5278, 5280, 5288, 5291]
2237,[4788, 4781]
2238,[4788, 4792, 4795]
2239,[5097, 5072, 5060]
2240,[5644, 5643]
2241,[5217, 5216, 5218]
2242,[5217, 5220]
2243,[5247, 5248]
2244,[5247, 5256]
2245,[5250, 5246]
2246,[5250, 5290]
2247,[5289, 5300]
2248,[5289, 5296]
2249,[3465, 3467, 3469, 3477, 3483, 3482]
2250,[3472, 3475, 3479]
2251,[3472, 3474, 3476, 3478, 3482]
2252,[2342, 2340, 2332, 2314, 2311, 2306, 2294, 2290]
2253,[2342, 2347]
2254,[3776, 3784]
2255,[3776, 3773, 3766]
2256,[3754, 3757, 3766]
2257,[3746, 3750]
2258,[3746, 3745, 3728, 3725]
2259,[4901, 4903, 4904, 4905, 4906, 4907, 4909, 4910, 4911]
2260,[4901, 4900, 4899, 4897, 4896, 4894, 4891, 4890, 4889, 4887, 4885, 4879, 4877]
2261,[3795, 3788]
2262,[3795, 5819, 5820, 3805]
2263,[3788, 3784]
2264,[3586, 3590]
2265,[3586, 3581, 3580]
2266,[3558, 3560, 3557]
2267,[3558, 3966, 3566, 3557]
2268,[3580, 3578]
2269,[4257, 4260, 4263, 4257]
2270,[3742, 3740, 3730]
2271,[3725, 3729]
2272,[3730, 2140]
2273,[3735, 3733, 3729]
2274,[3735, 2146]
2275,[3735, 3743, 3751, 3758]
2276,[2048, 2070, 2084, 2103]
2277,[2092, 2103]
2278,[2092, 2105]
2279,[2047, 2039]
2280,[2036, 2046, 2054]
2281,[2036, 2030, 2029]
2282,[2029, 2032, 2038, 2044]
2283,[2029, 2031, 2035]
2284,[2039, 2055]
2285,[3001, 2989]
2286,[3001, 3023]
2287,[2213, 2184, 2168, 2164, 2161]
2288,[2213, 2236]
2289,[2157, 2149]
2290,[2157, 2161]
2291,[2167, 2171, 2174, 2183]
2292,[2167, 2156]
2293,[2197, 2231]
2294,[2197, 2181, 2163]
2295,[4130, 4131, 4132, 4130]
2296,[3623, 3632]
2297,[3623, 3613]
2298,[3650, 3647, 3632]
2299,[3650, 3655]
2300,[3611, 3627, 3635, 3652, 3654]
2301,[3611, 3599]
2302,[4008, 4009, 4020]
2303,[4008, 4016]
2304,[4015, 4020]
2305,[4010, 4014, 4013, 4010]
2306,[2240, 2231]
2307,[2240, 2252]
2308,[4016, 4019]
2309,[4021, 4027]
2310,[4021, 4025]
2311,[4101, 4118, 4119, 4078]
2312,[4101, 4109, 4121, 4108, 4102]
2313,[3641, 3638]
2314,[3641, 3646, 3651, 3656]
2315,[3656, 3655]
2316,[3672, 3682]
2317,[3672, 3679]
2318,[1326, 1322]
2319,[2078, 2095]
2320,[2078, 2068, 2065]
2321,[1262, 1276, 1285]
2322,[1262, 1216]
2323,[2095, 2082, 2071, 2065]
2324,[1204, 1191]
2325,[1204, 1222]
2326,[1216, 1191]
2327,[1216, 1200]
2328,[1315, 1322]
2329,[1222, 1209]
2330,[1222, 1245]
2331,[1114, 1123]
2332,[1152, 1156]
2333,[1144, 1182]
2334,[1171, 1177]
2335,[1169, 1177]
2336,[1169, 1176]
2337,[6011, 6013]
2338,[6011, 6015]
2339,[6042, 6051]
2340,[6042, 6040, 6034, 6030]
2341,[6038, 6031, 6028]
2342,[6038, 6039]
2343,[6014, 6016]
2344,[6014, 6026, 6028]
2345,[2215, 2207]
2346,[2215, 2228]
2347,[6013, 6017]
2348,[6020, 2208]
2349,[6020, 6024]
2350,[2152, 2150, 2148]
2351,[2152, 2154, 2159]
2352,[1728, 1736]
2353,[1763, 1764]
2354,[1763, 2436]
2355,[1744, 1736]
2356,[1744, 1747]
2357,[1764, 1777]
2358,[1764, 1769, 1775, 1785]
2359,[4781, 4783, 4786]
2360,[391, 410, 417, 464]
2361,[3102, 3100]
2362,[3102, 3129]
2363,[425, 452]
2364,[425, 451, 466]
2365,[3072, 3069]
2366,[3072, 3079]
2367,[459, 3075]
2368,[2767, 2777]
2369,[2767, 2745]
2370,[428, 432]
2371,[428, 439, 447, 458, 460, 446]
2372,[2838, 2796, 2765]
2373,[2838, 2845]
2374,[2858, 2886, 2893, 2865, 2861, 2856, 2854, 2853, 2852]
2375,[2899, 2898, 2897]
2376,[2899, 2901, 2903, 2905]
2377,[2913, 2915, 2916, 2914, 2913]
2378,[2919, 2922]
2379,[2919, 2920, 2921]
2380,[3150, 3138]
2381,[3160, 3166]
2382,[3160, 3155]
2383,[3344, 3345, 3346]
2384,[3344, 3348, 3349]
2385,[1807, 1813]
2386,[1807, 1811, 1819]
2387,[1813, 1823]
2388,[1826, 1829]
2389,[1826, 1844, 1838]
2390,[3387, 3383]
2391,[3387, 3369, 3362]
2392,[1881, 1865]
2393,[1881, 1905, 1907, 1910]
2394,[1833, 1816]
2395,[1833, 1842, 1828]
2396,[1858, 1865]
2397,[1858, 1851, 1839]
2398,[1805, 1815]
2399,[1805, 1808]
2400,[3324, 3159, 3146]
2401,[3324, 3325]
2402,[2499, 2947]
2403,[2499, 2948]
2404,[2946, 2953]
2405,[2946, 2938]
2406,[2974, 2979, 2983]
2407,[2974, 2953]
2408,[2948, 2947]
2409,[2938, 2933, 2930, 2926]
2410,[2425, 2426]
2411,[2425, 2419]
2412,[2460, 2490, 3327]
2413,[2460, 2444]
2414,[2950, 2956]
2415,[2950, 2940]
2416,[5649, 5650, 5651, 5652]
2417,[5087, 5092]
2418,[5087, 5074]
2419,[5053, 5060]
2420,[5002, 4999]
2421,[5002, 5016, 5021]
2422,[5130, 5122, 5118]
2423,[5130, 5136]
2424,[5118, 5121, 5127, 5140]
2425,[5083, 5545]
2426,[5083, 5093]
2427,[5550, 5549]
2428,[5057, 5076, 5177, 5169, 5165]
2429,[5057, 5063]
2430,[5199, 5202, 5208]
2431,[5199, 5179]
2432,[5184, 5196]
2433,[5184, 5180, 5165]
2434,[1643, 1618, 1611, 1604, 1601]
2435,[1591, 1566]
2436,[1591, 1605, 1294]
2437,[1591, 1601]
2438,[1601, 1272]
2439,[1666, 1673, 1768, 1762, 1736]
2440,[1666, 4975, 1668]
2441,[1636, 1627]
2442,[1636, 1647, 1660]
2443,[1230, 1242, 1243, 1250, 1255, 1249]
2444,[1230, 1217]
2445,[1252, 1282, 1300, 1280, 1267]
2446,[1252, 1259, 1273, 1283, 1289]
2447,[1272, 1266]
2448,[1272, 1294]
2449,[5174, 5211]
2450,[5174, 5206]
2451,[5142, 5153, 5155, 5149, 5142]
2452,[1305, 1297]
2453,[1267, 1297]
2454,[1267, 1245]
2455,[1289, 5884, 1297]
2456,[1498, 1502, 1508, 1515, 1532]
2457,[1498, 1501, 1504, 1518, 1524, 1533]
2458,[1498, 1503, 1511]
2459,[1526, 2665]
2460,[1526, 2661]
2461,[1526, 2651]
2462,[1523, 1527, 2653, 2654, 2655, 2656, 2657, 2658, 2659, 2660, 1523]
2463,[1182, 1533]
2464,[5223, 5224, 5227, 5237]
2465,[5223, 5221, 5218]
2466,[5060, 5074]
2467,[5218, 5211]
2468,[5220, 5225]
2469,[5220, 5222, 5226]
2470,[5248, 5254, 5257, 5261, 5264]
2471,[5248, 5271, 5274]
2472,[5256, 5268, 5266, 5260, 5256]
2473,[5246, 5267]
2474,[5246, 5240]
2475,[5300, 5315]
2476,[5300, 5318]
2477,[5296, 5312]
2478,[5296, 5305]
2479,[3482, 3484, 3486, 3489, 3490, 3496]
2480,[3482, 3492]
2481,[3479, 2365, 2348, 2334]
2482,[3479, 3480, 3488, 3491, 3493, 3501, 3504, 3506]
2483,[2290, 2283, 2278]
2484,[2290, 2280]
2485,[2347, 2355, 2364, 2368]
2486,[2347, 2351]
2487,[3784, 3794, 3802, 5835, 5836, 3803, 3789]
2488,[3766, 3771, 3780, 3786, 3796, 3791, 3787, 3782, 3774, 3764]
2489,[3750, 3752, 3758]
2490,[3750, 3736, 3729]
2491,[4877, 4874, 4872]
2492,[4877, 4892]
2493,[3805, 3789]
2494,[3805, 5840, 5841, 5842]
2495,[3590, 2358, 2351]
2496,[3590, 2379]
2497,[3578, 3582, 3585]
2498,[3578, 3577, 3576, 3575, 3571]
2499,[2140, 2126]
2500,[2140, 2146]
2501,[2146, 3770]
2502,[3758, 3770]
2503,[3758, 3764]
2504,[2103, 2110]
2505,[2105, 2111, 2115, 2109, 2105]
2506,[2054, 2044]
2507,[2054, 2061, 2090, 2120]
2508,[2044, 2050, 2060, 2077, 2112, 2121]
2509,[2044, 2052]
2510,[2035, 2041]
2511,[2035, 2040, 2043]
2512,[2055, 2043]
2513,[2055, 2073]
2514,[2055, 2065]
2515,[2989, 2965]
2516,[2989, 3005]
2517,[3023, 3005]
2518,[3023, 3025, 3031, 3016]
2519,[2161, 2170]
2520,[2149, 2147]
2521,[2149, 2148]
2522,[2156, 2169]
2523,[2156, 2153, 2151, 2147]
2524,[2231, 2245]
2525,[2163, 2180, 2187, 2195, 2201, 2216]
2526,[2163, 2160, 2155, 2147]
2527,[2163, 2190]
2528,[3632, 3638]
2529,[3613, 3633, 3628]
2530,[3613, 3612, 3607]
2531,[3655, 3644, 3638]
2532,[3599, 3601]
2533,[3599, 3596, 3594, 3579]
2534,[4020, 4024]
2535,[2252, 2223]
2536,[2252, 4150]
2537,[4019, 4024]
2538,[4019, 4023]
2539,[4027, 4030, 4034]
2540,[4027, 4028]
2541,[4025, 4026, 4023]
2542,[4025, 4032, 4037]
2543,[4078, 4062, 4058]
2544,[4078, 4094]
2545,[4102, 4111, 4110]
2546,[4102, 4073]
2547,[3682, 5768, 5769, 5770, 5771]
2548,[3682, 5772]
2549,[1285, 1292]
2550,[1285, 1220]
2551,[1191, 1209]
2552,[1191, 1187, 1185]
2553,[1200, 1188]
2554,[1200, 1205]
2555,[1209, 1197]
2556,[1245, 1217]
2557,[1156, 1173, 1179]
2558,[1156, 1166, 1175]
2559,[1177, 1181]
2560,[1176, 1183]
2561,[1176, 1181]
2562,[6051, 6055]
2563,[6051, 6036]
2564,[6030, 6036]
2565,[6030, 6028]
2566,[6039, 6043]
2567,[6039, 6044]
2568,[6016, 6018]
2569,[6016, 6022]
2570,[2207, 2192]
2571,[2207, 2220]
2572,[2208, 2179]
2573,[2208, 2210]
2574,[6024, 6023]
2575,[6024, 6029]
2576,[2148, 2147]
2577,[2159, 2162]
2578,[2159, 2179]
2579,[1736, 1743, 1669]
2580,[2436, 2434]
2581,[2436, 2439, 2443]
2582,[1747, 1750, 1752, 1760]
2583,[1747, 1751]
2584,[1777, 2455, 2443]
2585,[1777, 1785]
2586,[1785, 1789]
2587,[4786, 4790, 4794, 4793, 4786]
2588,[464, 468]
2589,[464, 3329]
2590,[3100, 3094]
2591,[3100, 3092, 3083, 3080]
2592,[3129, 466]
2593,[3129, 3115, 3111]
2594,[452, 2924]
2595,[452, 461, 3330, 468]
2596,[466, 3175]
2597,[3069, 3068]
2598,[3069, 3075]
2599,[3079, 3085]
2600,[3079, 3091, 3110]
2601,[3075, 3080]
2602,[2777, 2792]
2603,[2777, 2786]
2604,[2745, 2748, 2753]
2605,[2745, 2736]
2606,[432, 441]
2607,[432, 446]
2608,[446, 463, 3052]
2609,[2765, 2730]
2610,[2765, 2822, 4353]
2611,[2765, 2855, 2850]
2612,[2845, 2847, 2849]
2613,[2845, 2850]
2614,[2852, 2850]
2615,[2852, 2857]
2616,[3138, 3155]
2617,[3138, 3134, 3130]
2618,[3166, 3169, 3174, 3171, 3166]
2619,[3155, 3307]
2620,[3346, 3351]
2621,[3346, 3347]
2622,[3349, 3361]
2623,[3349, 3367]
2624,[1819, 1830, 1843, 1864]
2625,[1819, 1820, 1827]
2626,[1823, 1834]
2627,[1823, 1838]
2628,[1838, 1845, 1848, 1853]
2629,[3383, 3372]
2630,[3383, 3385]
2631,[3362, 3361]
2632,[3362, 3364, 3379]
2633,[1865, 1888, 1900]
2634,[1816, 1818]
2635,[1816, 1808]
2636,[1828, 1818]
2637,[1828, 1839]
2638,[1839, 1889]
2639,[1808, 1840]
2640,[3146, 3154, 3158, 3152]
2641,[3146, 3133, 3130]
2642,[2947, 2944, 2942]
2643,[2953, 2966]
2644,[2953, 2959, 2963, 2968]
2645,[2983, 2998, 3020, 3030, 3032]
2646,[2983, 2982]
2647,[2983, 2987, 2992]
2648,[2926, 2925, 2927, 2931]
2649,[2926, 2929, 2934, 2937, 2943]
2650,[2926, 2928, 2942]
2651,[2426, 2429]
2652,[2426, 2428, 2431, 2433]
2653,[2419, 2415, 2404]
2654,[2419, 2424]
2655,[3327, 3326]
2656,[3327, 3328]
2657,[2444, 2433]
2658,[2444, 2476, 2467]
2659,[2940, 2961, 2955, 2942]
2660,[2940, 2935, 2932]
2661,[5074, 5084]
2662,[5136, 5137, 5086]
2663,[5136, 5146, 5157]
2664,[5140, 5179]
2665,[5140, 5151, 5165]
2666,[5093, 5253]
2667,[5093, 5553, 5551]
2668,[5549, 5548, 5547]
2669,[5549, 5551]
2670,[5063, 5086]
2671,[5063, 5090, 5547]
2672,[5179, 5212, 5673]
2673,[1566, 1574]
2674,[1566, 1565]
2675,[1294, 1557]
2676,[1668, 4959]
2677,[1668, 1660]
2678,[1627, 1625, 1616]
2679,[1627, 1614, 1589]
2680,[1660, 1632]
2681,[1249, 1237]
2682,[1249, 1217]
2683,[1217, 1197]
2684,[1266, 1261, 1254, 1240]
2685,[1266, 1275]
2686,[5211, 5287, 5277, 5263, 5255, 5251]
2687,[5206, 5214]
2688,[5206, 5209]
2689,[1533, 5913]
2690,[1511, 1538]
2691,[1511, 1513, 1525]
2692,[2661, 2662, 2663]
2693,[2661, 2663]
2694,[2651, 2650]
2695,[2651, 2652]
2696,[5237, 5244, 5245, 5237]
2697,[5225, 5230, 5232, 5228, 5225]
2698,[5226, 5234]
2699,[5226, 5240]
2700,[5240, 5251]
2701,[5315, 5319, 5324, 5321, 5315]
2702,[5318, 5326]
2703,[5318, 5331]
2704,[5305, 5309, 5311]
2705,[5305, 5325]
2706,[2334, 2322, 2317, 2312, 2307]
2707,[2334, 2346, 2360, 2372, 2380]
2708,[2278, 2272]
2709,[2278, 2286, 2275]
2710,[2280, 2272]
2711,[2280, 2284, 2271]
2712,[2368, 2371, 2373, 2368]
2713,[2351, 2366, 2367, 2376, 2379]
2714,[3789, 3779, 3777, 3767, 3764]
2715,[3789, 3804, 5838, 5839]
2716,[4872, 4869]
2717,[4872, 4873, 4876, 4878]
2718,[4892, 4893]
2719,[4892, 4888]
2720,[4892, 4895]
2721,[2379, 2369]
2722,[3585, 3589, 3592, 3597, 3603, 3606]
2723,[3585, 3587, 3588, 3591, 3595, 2369]
2724,[3571, 3570]
2725,[3571, 3573]
2726,[2126, 2120]
2727,[2126, 2121]
2728,[3770, 3793]
2729,[2110, 2123]
2730,[2110, 2113, 2120]
2731,[2121, 2128, 2137]
2732,[2052, 2058, 2063, 2074]
2733,[2052, 2041]
2734,[2041, 2049]
2735,[2043, 2062]
2736,[2073, 1292]
2737,[2073, 2062]
2738,[2965, 2943]
2739,[2965, 2981]
2740,[3005, 3010]
2741,[3016, 3029, 3035]
2742,[3016, 3010]
2743,[2170, 2176, 2177, 2175, 2170]
2744,[2216, 4070, 4050, 4048]
2745,[2216, 2223]
2746,[2190, 2199]
2747,[2190, 6096]
2748,[3628, 3629, 3624, 3620, 3617, 3610, 3608, 3601]
2749,[3628, 3618, 3615, 3604]
2750,[3607, 3604]
2751,[3607, 3614, 3616, 3619, 3622]
2752,[3601, 3604]
2753,[3579, 3584, 3593, 3598, 3600, 3602, 3605, 3609, 3970, 3969]
2754,[3579, 3573]
2755,[4024, 4033]
2756,[2223, 2244, 2251, 2263]
2757,[4023, 4029, 4031, 4035, 4037]
2758,[4034, 4044, 4067, 4055]
2759,[4034, 4041, 4043, 4045, 4049]
2760,[4028, 4036]
2761,[4028, 4042, 4048]
2762,[4037, 4040]
2763,[4058, 4068, 4072]
2764,[4058, 4054, 4047]
2765,[4073, 4059, 4052]
2766,[4073, 4095, 4093, 4087, 4077, 4052]
2767,[1292, 5893, 1281]
2768,[1220, 1223, 1226, 1233, 1228]
2769,[1220, 1213]
2770,[1185, 1186]
2771,[1185, 1188]
2772,[1185, 1197]
2773,[1188, 1189]
2774,[1205, 1199, 1194, 1189]
2775,[1205, 1212, 1213]
2776,[1197, 1203]
2777,[1179, 1184, 5865, 5864]
2778,[1179, 5901, 5902, 5903, 5904]
2779,[1175, 5885]
2780,[1175, 1180, 5883]
2781,[1181, 5877, 5874]
2782,[1183, 5874]
2783,[1183, 5878, 5876, 5873]
2784,[6055, 6062]
2785,[6055, 6045]
2786,[6036, 6045]
2787,[6018, 6023]
2788,[6018, 6025]
2789,[2192, 2206]
2790,[2192, 2179]
2791,[2179, 2194]
2792,[6023, 6027]
2793,[6029, 6032]
2794,[6029, 6050]
2795,[2162, 2182]
2796,[2162, 2165, 2189]
2797,[1669, 1644]
2798,[1669, 4943, 4942]
2799,[2434, 2432, 2430]
2800,[2434, 2441, 2447, 2454, 2461, 2466, 2478]
2801,[2443, 2448, 2450]
2802,[1760, 1757, 1751]
2803,[1760, 1772]
2804,[1751, 1667, 1645]
2805,[1789, 2473]
2806,[1789, 1784]
2807,[468, 3179, 3175]
2808,[3094, 3112]
2809,[3094, 3078]
2810,[3080, 3098, 3107]
2811,[3111, 3101, 3084]
2812,[3111, 3116]
2813,[3175, 3164]
2814,[3068, 3067]
2815,[3068, 3070, 3071]
2816,[3085, 3088]
2817,[3085, 3103]
2818,[3110, 3119, 3128, 3136]
2819,[3110, 3124, 3140, 3143, 3153, 3183]
2820,[2792, 2801]
2821,[2792, 471, 462]
2822,[2753, 2759]
2823,[2753, 2758]
2824,[2736, 2735, 2729, 2724, 2716, 2707, 2706, 2708, 2709, 2710, 2711, 2712]
2825,[2736, 2739, 2743, 2749]
2826,[441, 457]
2827,[441, 455, 462]
2828,[3052, 3049]
2829,[3052, 3053]
2830,[2730, 2721]
2831,[2730, 2737, 2740, 2750, 2752, 2757, 2770]
2832,[2857, 2859]
2833,[2857, 2860]
2834,[3130, 3126]
2835,[3351, 3353]
2836,[3351, 3354, 3358, 3359, 3360]
2837,[3347, 3350, 3352, 3347]
2838,[3361, 3363]
2839,[3367, 3372]
2840,[3367, 3378]
2841,[1864, 1847]
2842,[1864, 1872]
2843,[1827, 1846]
2844,[1827, 1841, 1850]
2845,[1834, 1862, 1880]
2846,[1834, 1850]
2847,[3372, 3374]
2848,[3385, 3382]
2849,[3385, 3386, 3384, 3375, 3366, 3365, 3363]
2850,[3379, 3390]
2851,[3379, 3388]
2852,[1818, 1869]
2853,[1889, 3425]
2854,[1889, 4635, 4634]
2855,[1840, 1847]
2856,[1840, 1856]
2857,[3152, 3038]
2858,[3152, 3149, 3147, 3126]
2859,[2966, 2970]
2860,[2966, 2969, 2975, 2982]
2861,[3032, 3021]
2862,[3032, 3022, 3013, 3000, 2996, 2982]
2863,[2931, 2939, 2949]
2864,[2931, 2932]
2865,[2943, 2949]
2866,[2429, 2427, 2423, 2422, 2421, 2416]
2867,[2429, 2430]
2868,[2433, 2438, 2449, 2464, 2467]
2869,[2404, 2393]
2870,[2404, 2413, 2403]
2871,[2404, 2416]
2872,[2467, 2472, 2482, 2486]
2873,[2932, 2936, 2941, 2952, 2958, 2962, 2498, 2486]
2874,[5086, 5710, 5709, 5708]
2875,[5157, 5167, 5188, 5209]
2876,[5157, 5172]
2877,[5253, 5272, 5276]
2878,[5253, 5251]
2879,[5551, 5552]
2880,[5547, 5546]
2881,[1565, 1562, 1557]
2882,[1565, 1569]
2883,[1557, 1287]
2884,[1557, 1558]
2885,[4959, 1671]
2886,[4959, 4958, 4957]
2887,[1616, 1602]
2888,[1616, 1622]
2889,[1589, 1596]
2890,[1589, 1569]
2891,[1632, 1619]
2892,[1632, 1622]
2893,[1237, 1232]
2894,[1237, 1244]
2895,[1240, 1238, 1232]
2896,[1240, 1219, 1215]
2897,[1275, 1278, 1287]
2898,[1275, 1258, 1256]
2899,[5214, 5701, 5702, 5703, 5704, 5214]
2900,[5209, 5552]
2901,[1525, 5894]
2902,[1525, 1536]
2903,[1525, 5895]
2904,[2663, 2664]
2905,[5234, 5239]
2906,[5234, 5238, 5239]
2907,[2307, 2321, 2330, 2339, 2362, 2381, 2382, 3965, 3964, 3963]
2908,[2307, 2300, 2299]
2909,[2272, 2265]
2910,[2275, 2273, 2267, 2265]
2911,[2275, 2277, 2289, 2291, 2296]
2912,[2271, 2274]
2913,[2271, 2269, 2268, 2266, 2265]
2914,[4869, 4868]
2915,[4869, 4870, 4871, 4875]
2916,[4878, 4880, 4882, 4884]
2917,[4878, 4875]
2918,[4893, 1638]
2919,[4893, 4895]
2920,[4888, 1663]
2921,[4888, 4884]
2922,[4888, 1674]
2923,[4895, 4898]
2924,[2369, 2356, 2336, 2328, 2325, 2324]
2925,[3606, 3621, 3653]
2926,[3606, 3625]
2927,[3570, 3572, 3574]
2928,[3570, 3573]
2929,[3793, 4343, 4342, 4341]
2930,[3793, 3800]
2931,[2137, 2144, 2132]
2932,[2137, 2129, 2088, 2074]
2933,[2074, 2083]
2934,[2049, 2066]
2935,[2049, 2083]
2936,[2062, 2076, 2104, 2108]
2937,[2981, 2986]
2938,[2981, 2984]
2939,[3010, 2986]
2940,[3010, 3017, 3034]
2941,[3035, 3040, 3317]
2942,[3035, 3105, 3095, 3088]
2943,[4048, 4057, 4063, 4066]
2944,[4048, 4056]
2945,[2199, 2189]
2946,[2199, 2233]
2947,[6096, 6094]
2948,[6096, 6095, 6094]
2949,[2263, 4055]
2950,[2263, 4144]
2951,[4055, 4049]
2952,[4049, 4061, 4069]
2953,[4036, 4039, 4047]
2954,[4036, 4046]
2955,[4047, 4053]
2956,[4052, 4046]
2957,[1281, 2108]
2958,[1281, 1277]
2959,[1228, 1225]
2960,[1228, 1241, 1248, 1268, 1277]
2961,[1213, 1207, 1192, 1189]
2962,[1186, 1190, 1193]
2963,[1186, 1203]
2964,[1203, 1218]
2965,[5883, 5882]
2966,[5883, 1536]
2967,[5874, 5873]
2968,[5873, 5875]
2969,[6062, 6068, 6063, 6058, 6057]
2970,[6062, 6052]
2971,[6045, 6050]
2972,[6032, 6035]
2973,[6032, 6037]
2974,[6050, 6052]
2975,[2182, 2193]
2976,[2182, 2188, 2205]
2977,[2189, 2202]
2978,[1644, 1637, 1626]
2979,[1644, 1662, 4942]
2980,[4942, 4944, 1671]
2981,[2430, 2437, 2440, 2452, 2480]
2982,[2478, 2483]
2983,[2478, 2484, 2479]
2984,[2450, 2462]
2985,[2450, 2463]
2986,[1772, 1652, 1645]
2987,[1772, 1784]
2988,[1645, 1641, 1635]
2989,[2473, 2462]
2990,[2473, 2475]
2991,[2473, 2481, 2474, 2471]
2992,[1784, 1791]
2993,[3078, 3077]
2994,[3078, 3082, 3084]
2995,[3084, 3086, 3099]
2996,[3116, 3122]
2997,[3116, 3123, 3131]
2998,[3164, 3167]
2999,[3164, 3151, 3148]
3000,[3071, 3074]
3001,[3071, 3073, 3077]
3002,[3088, 3097]
3003,[462, 467]
3004,[2758, 2766]
3005,[2758, 2760, 2749]
3006,[2712, 2715]
3007,[2712, 2713, 2714, 2717]
3008,[2749, 2762]
3009,[3049, 3047, 3046]
3010,[3049, 3050, 3051]
3011,[3053, 3054, 3055]
3012,[3053, 2818]
3013,[2721, 2726, 2731, 2732, 2733, 2734]
3014,[2721, 2718]
3015,[2770, 2774]
3016,[2770, 2751, 2747]
3017,[2860, 2877]
3018,[2860, 2862, 2863]
3019,[3126, 3120]
3020,[3353, 3356, 3357, 3355, 3353]
3021,[3363, 3368]
3022,[1847, 1859]
3023,[1872, 1897]
3024,[1872, 1893, 1904]
3025,[1846, 1852, 1861, 1868, 1878, 1894]
3026,[1846, 1857]
3027,[1846, 1855, 1875]
3028,[1850, 1875]
3029,[3374, 3381]
3030,[3374, 3377, 3376, 3373, 3371]
3031,[3382, 3380, 3368]
3032,[3382, 3381]
3033,[3390, 3396]
3034,[3390, 3392, 3400]
3035,[3388, 3395]
3036,[3388, 3389, 3391]
3037,[1869, 1895]
3038,[1869, 1856]
3039,[3425, 3436, 3444, 3445]
3040,[3425, 3424]
3041,[4634, 4632, 4633]
3042,[4634, 3447, 3440, 3434]
3043,[1856, 1884]
3044,[3038, 3021]
3045,[3038, 3321]
3046,[2970, 2995, 3021]
3047,[2970, 2978]
3048,[2949, 2951, 2960, 2967]
3049,[2416, 2406]
3050,[2393, 2390]
3051,[2393, 2394]
3052,[2403, 2399, 2390]
3053,[2403, 2395]
3054,[2486, 2491]
3055,[2486, 2480]
3056,[5552, 5554, 5555]
3057,[1569, 1572]
3058,[1569, 1571]
3059,[1287, 1270]
3060,[1558, 1559]
3061,[1558, 1563, 1568, 1575, 1585, 1590]
3062,[1558, 1298]
3063,[1671, 1656, 1646]
3064,[1602, 1609]
3065,[1602, 1596]
3066,[1622, 1609]
3067,[1596, 1600]
3068,[1596, 1586]
3069,[1619, 1607]
3070,[1619, 1646]
3071,[1232, 1218]
3072,[1215, 1206]
3073,[1215, 1201]
3074,[1256, 1260, 1253]
3075,[1256, 1263, 1270]
3076,[1256, 1247, 1239]
3077,[1536, 5900]
3078,[5239, 5241]
3079,[2299, 2297, 2293]
3080,[2299, 2298]
3081,[2265, 2270, 2276, 2279, 2282, 2309, 2316, 2319, 2320, 2335]
3082,[2296, 2302, 2303, 2305, 2324]
3083,[2296, 2313, 2315]
3084,[2274, 2285, 2288, 2292, 2293]
3085,[2274, 2281, 2287, 2295, 2301, 2308, 2323, 2329, 3968, 3967]
3086,[4875, 4881]
3087,[4884, 4886]
3088,[1638, 1612]
3089,[1638, 1663]
3090,[1638, 1658, 4898]
3091,[1663, 4979]
3092,[1674, 4886]
3093,[1674, 1649, 1629]
3094,[4898, 1657]
3095,[2324, 2326, 2327, 2331, 2341, 2354, 2374, 3625]
3096,[3625, 2338, 2333]
3097,[4341, 4340, 4339, 2136, 2132]
3098,[4341, 2138]
3099,[3800, 5784]
3100,[3800, 5818]
3101,[2132, 2127, 2083]
3102,[2083, 2093, 2106]
3103,[2066, 2081]
3104,[2066, 2080]
3105,[2108, 2100]
3106,[2986, 2993, 2999, 3007, 3036]
3107,[2984, 2990]
3108,[2984, 3006, 3011, 3015, 3019, 3024, 3027, 2990]
3109,[3034, 3041]
3110,[3034, 3039, 3113, 3109, 3106, 3093, 3090]
3111,[3317, 3314, 3315, 3316]
3112,[3317, 3318, 3319]
3113,[4066, 4051]
3114,[4066, 4086]
3115,[4056, 4065, 4081, 4085, 4090]
3116,[4056, 4074, 4091, 4096]
3117,[2233, 2227]
3118,[2233, 2247]
3119,[6094, 6093, 6088, 6087]
3120,[4046, 4051]
3121,[1277, 4969, 4967, 4966, 4965]
3122,[1225, 1239]
3123,[1225, 1221, 1214, 1210, 1208, 1202, 1196]
3124,[1193, 1201]
3125,[1193, 1195, 1196]
3126,[1218, 1201]
3127,[6057, 6059, 6060]
3128,[6057, 6056, 6054, 6052]
3129,[6035, 6041]
3130,[6035, 6046]
3131,[2193, 2219]
3132,[2193, 2209]
3133,[2202, 2214]
3134,[2202, 2212]
3135,[1626, 1634, 1620]
3136,[1626, 1621]
3137,[1626, 1635]
3138,[2480, 2483]
3139,[2480, 2495]
3140,[2483, 2489, 2493, 2497]
3141,[2479, 2471]
3142,[2479, 2496]
3143,[2479, 2487]
3144,[2462, 2463]
3145,[2463, 2471]
3146,[1635, 1661, 1672]
3147,[2475, 1791]
3148,[2475, 1665]
3149,[1791, 1672]
3150,[3077, 3081]
3151,[3122, 3120]
3152,[3122, 3127, 3141]
3153,[3131, 3142]
3154,[3131, 3135, 3137]
3155,[3148, 2812]
3156,[3148, 3145, 3139, 3137]
3157,[3097, 3118, 3121, 3125, 3041]
3158,[3097, 3108, 3117, 3132, 3041]
3159,[2715, 2719]
3160,[2715, 2718]
3161,[2717, 2727]
3162,[2717, 2723, 2725, 2728, 2722, 2720, 2718]
3163,[2762, 2776]
3164,[2762, 2768, 2775]
3165,[3046, 3044]
3166,[3046, 3048]
3167,[2818, 3058]
3168,[2818, 2806, 2794]
3169,[2774, 2793]
3170,[2774, 2797, 2816, 2817]
3171,[2747, 2738]
3172,[2747, 2761]
3173,[2877, 2882]
3174,[2877, 2894, 2807]
3175,[2863, 2864]
3176,[2863, 2866, 2867, 2868]
3177,[3120, 3114, 3096, 3089]
3178,[3368, 3370, 3371]
3179,[1897, 1940, 1924]
3180,[1897, 1943]
3181,[1904, 1945]
3182,[1904, 4631]
3183,[1894, 1906, 4690]
3184,[1894, 1902, 4859]
3185,[1857, 1873, 1899, 1941]
3186,[1857, 1901, 1909, 1942]
3187,[1875, 4859]
3188,[3381, 3371]
3189,[3396, 3404, 3409]
3190,[3396, 3397]
3191,[3400, 3409]
3192,[3400, 3402]
3193,[3395, 3398, 3413, 3418]
3194,[3395, 3410, 3431]
3195,[3391, 3394]
3196,[3391, 3393]
3197,[1895, 4700]
3198,[1895, 1973]
3199,[3424, 3434]
3200,[3424, 3417]
3201,[3434, 3441]
3202,[3321, 3320, 3322, 3042, 3036]
3203,[3321, 3323]
3204,[2978, 2985]
3205,[2978, 2997]
3206,[2967, 2977]
3207,[2967, 2991, 2994]
3208,[2406, 2394]
3209,[2406, 2414, 2420, 2418, 2410]
3210,[2390, 2389]
3211,[2394, 2392]
3212,[2395, 2405, 2407, 2411]
3213,[2395, 2384]
3214,[2491, 4863]
3215,[2491, 4862, 4861]
3216,[1572, 1573]
3217,[1572, 1586]
3218,[1571, 1587]
3219,[1571, 1579, 1570]
3220,[1571, 1577]
3221,[1571, 1567, 1564, 1560, 1559]
3222,[1270, 1284, 1274]
3223,[1270, 1279, 1298]
3224,[1559, 1561, 1570]
3225,[1590, 1594, 1582]
3226,[1590, 1583, 1576, 1570]
3227,[1590, 1628, 1629]
3228,[1298, 1274]
3229,[1646, 1639, 1630]
3230,[1609, 1600]
3231,[1600, 1607]
3232,[1600, 1593]
3233,[1586, 1593]
3234,[1607, 1624, 1630]
3235,[1607, 1597]
3236,[1206, 1211]
3237,[1206, 1198, 1196]
3238,[1253, 1257]
3239,[1253, 1246, 1239]
3240,[2293, 2298]
3241,[2298, 2304, 2310]
3242,[2335, 2337, 2357, 2370, 3984, 3983, 3982, 3981]
3243,[2335, 3971, 3972, 3973, 3974, 3975, 3976, 3977, 3978, 3979, 3980, 2377, 2315]
3244,[2315, 2318, 2333]
3245,[4881, 4883, 1633, 1629]
3246,[4881, 4886]
3247,[1612, 1629]
3248,[1612, 1610]
3249,[1612, 1582]
3250,[1657, 2500]
3251,[1657, 2495]
3252,[1657, 1653, 1640, 1617, 1587]
3253,[1657, 1642, 1610]
3254,[2333, 2343]
3255,[2138, 2133, 2118, 2106]
3256,[2138, 5831]
3257,[2106, 2119]
3258,[2081, 2100]
3259,[2081, 2091]
3260,[2080, 2086, 2098]
3261,[2080, 2100]
3262,[2100, 2139]
3263,[3036, 3033, 3028, 2985]
3264,[2990, 2988]
3265,[3090, 3104, 3089]
3266,[3090, 3081]
3267,[4051, 4064, 4076, 4079, 4082, 4084]
3268,[4086, 4099]
3269,[4086, 4088, 4097]
3270,[4096, 4104]
3271,[4096, 4098, 4103, 6086, 6085]
3272,[2227, 2219]
3273,[2227, 2255]
3274,[6087, 6083]
3275,[6087, 6090, 6092, 6091, 6089, 6085]
3276,[4965, 4968]
3277,[4965, 4964, 4962, 4961, 4963]
3278,[4965, 2139]
3279,[6060, 6064, 6061]
3280,[6060, 6065, 6066]
3281,[6041, 6048]
3282,[6041, 6047]
3283,[2219, 2230]
3284,[2209, 2238]
3285,[2209, 2239, 2250]
3286,[1620, 1623]
3287,[1620, 1608, 1598, 1592, 1584]
3288,[1621, 1613, 1606, 1597]
3289,[1621, 1630]
3290,[2495, 2497]
3291,[2495, 4860, 4861]
3292,[2497, 2500]
3293,[2496, 2500]
3294,[2496, 1664]
3295,[2487, 2494, 4960, 1664]
3296,[2487, 1665]
3297,[1672, 1651]
3298,[1665, 1654, 1651]
3299,[3081, 3089]
3300,[3137, 3144]
3301,[2812, 3066]
3302,[2812, 2775]
3303,[2727, 2738]
3304,[2727, 2742]
3305,[2775, 2794]
3306,[3044, 3043]
3307,[3044, 3045, 2810]
3308,[3058, 3057]
3309,[3058, 3059]
3310,[2794, 2810]
3311,[2794, 2802, 2813]
3312,[2793, 2823]
3313,[2793, 2814, 2819, 2821]
3314,[2817, 4347]
3315,[2817, 2878]
3316,[2738, 2741, 2744, 2746, 2755, 2764, 2782, 2783]
3317,[2761, 2780]
3318,[2761, 2763]
3319,[2882, 2811, 2808]
3320,[2882, 2885]
3321,[2882, 2889]
3322,[2807, 2815, 4363]
3323,[2807, 2798, 2771]
3324,[2864, 2872]
3325,[2864, 2873]
3326,[2864, 2869, 2870]
3327,[1924, 1921]
3328,[1924, 1927]
3329,[1943, 1947, 1944]
3330,[1943, 1935, 1926]
3331,[1945, 1951]
3332,[1945, 1941]
3333,[4690, 4691, 4692]
3334,[4690, 4688]
3335,[4859, 2004, 1981]
3336,[1941, 1932]
3337,[1942, 1950, 1954, 1958, 1981]
3338,[1942, 1913]
3339,[3409, 3414]
3340,[3409, 3416]
3341,[3397, 3411]
3342,[3397, 3408, 3412]
3343,[3402, 3407]
3344,[3402, 3405]
3345,[3418, 3427, 4456]
3346,[3418, 3429]
3347,[3431, 3439]
3348,[3431, 3433]
3349,[3394, 3399]
3350,[3394, 3401]
3351,[1973, 1997, 4832]
3352,[1973, 1970]
3353,[3417, 3411]
3354,[3417, 3419, 3421]
3355,[3441, 4643]
3356,[3441, 4640]
3357,[2985, 2988]
3358,[2994, 3003]
3359,[2994, 3014, 3018]
3360,[2410, 2400]
3361,[2410, 2409, 2392]
3362,[2389, 2384]
3363,[2389, 2392]
3364,[2384, 2383]
3365,[2384, 2400]
3366,[4863, 4861]
3367,[4863, 4864, 4865, 4866, 4867]
3368,[1573, 1577]
3369,[1573, 1578]
3370,[1587, 1588]
3371,[1587, 1599, 1582]
3372,[1570, 1582]
3373,[1577, 1588]
3374,[1274, 1265, 1257]
3375,[1274, 1293, 4963]
3376,[1582, 1610]
3377,[1593, 1595, 1578]
3378,[1597, 1584]
3379,[1257, 1271, 4963]
3380,[2343, 2350, 2352, 2345, 2343]
3381,[5831, 5830]
3382,[5831, 2119]
3383,[2119, 2091]
3384,[2091, 2134]
3385,[2139, 5824]
3386,[2988, 3002, 3004]
3387,[4097, 4100, 4106]
3388,[4097, 4105, 4107]
3389,[6085, 6083]
3390,[2255, 2264]
3391,[2255, 2262, 6104]
3392,[6083, 6084]
3393,[4968, 4970, 4972]
3394,[4968, 4971]
3395,[6061, 6067]
3396,[6061, 6047]
3397,[6047, 6049]
3398,[2238, 6049]
3399,[2238, 2261]
3400,[2250, 6101]
3401,[2250, 2260]
3402,[1623, 1655]
3403,[1623, 1651]
3404,[1584, 1581, 1580]
3405,[1664, 1659, 1655]
3406,[2742, 2756]
3407,[2742, 2754]
3408,[2810, 3056]
3409,[3059, 3060]
3410,[3059, 3061]
3411,[2813, 3065]
3412,[2813, 3063]
3413,[2878, 2883]
3414,[2878, 2871]
3415,[2783, 2789, 2788, 2783]
3416,[2780, 2785, 2799]
3417,[2780, 2791]
3418,[2763, 2773]
3419,[2763, 2772]
3420,[2808, 4350, 4348, 4349, 4351]
3421,[2808, 4352]
3422,[2808, 2795]
3423,[2885, 2887, 2888, 2885]
3424,[2889, 2891, 2892, 2890, 2889]
3425,[4363, 4358, 4359, 4360, 4361, 4362, 4364]
3426,[4363, 4368]
3427,[2771, 2790]
3428,[2771, 2756]
3429,[2872, 2875, 2876, 2874, 2872]
3430,[2870, 2879]
3431,[2870, 2871]
3432,[1921, 1926]
3433,[1921, 1918, 1911]
3434,[1927, 1931]
3435,[1927, 1932]
3436,[1944, 1934]
3437,[1944, 1952]
3438,[1926, 1934]
3439,[4688, 4687, 4683]
3440,[4688, 4689]
3441,[1981, 2009]
3442,[1932, 1949]
3443,[1913, 1911]
3444,[1913, 1917]
3445,[3416, 3420]
3446,[3416, 3415, 3411]
3447,[4456, 4464]
3448,[4456, 4443]
3449,[3429, 3430]
3450,[3429, 3435, 3437]
3451,[3439, 3420]
3452,[3439, 4642]
3453,[3439, 2027]
3454,[3433, 3446]
3455,[3433, 4556]
3456,[3399, 3406]
3457,[3399, 3403]
3458,[1970, 1961, 1953]
3459,[1970, 1988]
3460,[4643, 4644]
3461,[4643, 4642]
3462,[4640, 4639]
3463,[4640, 4641, 4642]
3464,[3003, 3008, 3009]
3465,[3003, 3009]
3466,[2400, 2397]
3467,[2383, 2386]
3468,[2383, 2385]
3469,[2383, 2387]
3470,[1578, 1580]
3471,[1588, 1655]
3472,[1588, 1580]
3473,[5830, 5826, 5827, 5828, 5829, 5832, 5833, 5834]
3474,[5830, 2134]
3475,[2134, 5825, 5824]
3476,[5824, 5823, 5822, 5821]
3477,[4106, 4136]
3478,[4106, 4149, 4146, 4145, 4147, 4148]
3479,[6067, 6069]
3480,[6067, 6070, 6072]
3481,[6049, 6053]
3482,[6101, 6100, 6099, 6098, 6097]
3483,[6101, 6102]
3484,[2260, 6071]
3485,[2260, 6103]
3486,[2756, 2769]
3487,[3061, 3062]
3488,[3061, 3063]
3489,[3063, 3064]
3490,[2871, 2880]
3491,[2772, 2779]
3492,[2772, 2784]
3493,[2795, 2787, 2779]
3494,[2795, 2820]
3495,[2795, 4356]
3496,[4364, 4367]
3497,[4364, 4365, 4366, 4390]
3498,[4368, 4369]
3499,[4368, 4375, 4382, 4383]
3500,[1911, 1914, 1915]
3501,[1911, 1912]
3502,[1934, 1953]
3503,[1934, 1930]
3504,[4683, 4684, 4686, 4685, 4683]
3505,[2009, 2025, 4505, 4497]
3506,[2009, 4665]
3507,[3420, 3423, 3426]
3508,[4443, 4448]
3509,[4443, 4454]
3510,[4443, 4409]
3511,[3430, 3443, 4682, 3442]
3512,[3430, 3442]
3513,[3437, 4847]
3514,[3437, 4527]
3515,[2027, 2016]
3516,[2027, 4851]
3517,[3446, 4557]
3518,[3446, 4539]
3519,[4556, 4563]
3520,[4556, 4549, 4543, 4541, 4529]
3521,[1953, 1975, 4575]
3522,[1953, 1955, 1959, 1962]
3523,[1988, 2007]
3524,[1988, 1996, 2002]
3525,[4644, 4645, 4646]
3526,[4644, 4647, 4648, 4649]
3527,[3009, 3012]
3528,[2397, 2391]
3529,[2397, 2401, 2412]
3530,[2385, 2388, 2396]
3531,[2385, 2391]
3532,[4136, 4135, 4134, 4133]
3533,[4136, 4137, 4138, 4139, 4140]
3534,[6069, 6071]
3535,[6069, 6072]
3536,[6072, 6073]
3537,[6071, 6074, 6075, 6076]
3538,[2779, 2803]
3539,[2779, 2800]
3540,[4356, 4354, 4355, 4357, 4356]
3541,[4367, 4374]
3542,[4367, 4373, 4381, 4387, 4395]
3543,[4390, 4394, 4396]
3544,[4390, 4392, 4403]
3545,[4369, 4370]
3546,[4369, 4371]
3547,[4383, 4389, 4377]
3548,[4383, 4378, 4371]
3549,[1915, 1922]
3550,[1915, 1916, 1919, 1923, 1933, 1939]
3551,[1912, 1920, 1929, 1936, 1948, 1956]
3552,[1912, 1928]
3553,[1930, 1922]
3554,[1930, 1938, 1946]
3555,[4497, 4491]
3556,[4497, 4499, 4502]
3557,[4665, 4663, 4661, 4657]
3558,[4665, 4666]
3559,[4448, 4453, 4468]
3560,[4448, 4455]
3561,[4454, 4458]
3562,[4454, 4606, 4603]
3563,[4409, 4406]
3564,[4409, 4414]
3565,[3442, 4524]
3566,[4847, 4848, 4850, 4849, 4847]
3567,[4527, 4524]
3568,[4527, 4532]
3569,[4527, 4522]
3570,[2016, 4563]
3571,[2016, 2011, 1999]
3572,[4557, 4545]
3573,[4557, 4546, 4544]
3574,[4539, 4544]
3575,[4539, 4532]
3576,[4563, 2003]
3577,[4529, 4526]
3578,[4529, 4542]
3579,[4575, 4577]
3580,[4575, 4572]
3581,[1962, 1965, 1969, 1972]
3582,[1962, 1963, 1966, 1968, 1983, 1986, 1989, 1992]
3583,[2007, 2023]
3584,[2007, 2024]
3585,[2007, 2020]
3586,[2002, 2019, 4830]
3587,[2002, 2022, 4650]
3588,[4646, 4650]
3589,[4646, 4651]
3590,[2391, 2402]
3591,[2412, 2402]
3592,[2412, 2417]
3593,[2396, 2398]
3594,[2396, 2402]
3595,[2800, 2805, 2804, 2800]
3596,[4374, 4385, 4388, 4401]
3597,[4374, 4380, 4386, 4391, 4399, 4395]
3598,[4395, 4396]
3599,[4396, 4398]
3600,[4370, 4379]
3601,[4370, 4372]
3602,[4371, 4376]
3603,[4377, 4384]
3604,[4377, 4376]
3605,[1922, 1925, 1937]
3606,[1956, 1957, 1960]
3607,[1956, 1967, 1974]
3608,[4491, 4496, 4500]
3609,[4491, 4487, 4484, 4483]
3610,[4502, 4504, 4507]
3611,[4502, 4494]
3612,[4657, 4654]
3613,[4657, 2028]
3614,[4666, 4667]
3615,[4666, 4669, 4671, 4667]
3616,[4666, 4668, 4670, 4667]
3617,[4468, 4475, 4462]
3618,[4468, 4469, 4467, 4455]
3619,[4455, 4462]
3620,[4458, 4470]
3621,[4458, 4461, 4472]
3622,[4603, 4602, 4597, 4594]
3623,[4603, 4605, 4611, 4472]
3624,[4406, 4410]
3625,[4406, 4393]
3626,[4414, 4422, 4437]
3627,[4414, 4427, 4431]
3628,[4524, 4523]
3629,[4532, 4536]
3630,[4522, 4520]
3631,[4522, 4525]
3632,[1999, 2026, 4705, 4706, 4707]
3633,[1999, 1985]
3634,[4545, 4542]
3635,[4545, 4554]
3636,[4544, 4536]
3637,[2003, 1990, 1979, 1972]
3638,[2003, 1985]
3639,[4526, 4531]
3640,[4526, 4525]
3641,[4542, 4531]
3642,[4577, 4578]
3643,[4577, 4581, 4582, 4583]
3644,[4572, 4571, 4562, 4552]
3645,[4572, 4573, 4574, 4576]
3646,[1972, 1976]
3647,[2023, 4638, 4637, 4636, 2023]
3648,[4650, 4652, 4653]
3649,[2402, 2408]
3650,[4401, 4407, 4418, 4416]
3651,[4401, 4405, 4426]
3652,[4398, 4404, 4411]
3653,[4398, 4408]
3654,[4379, 4397]
3655,[4379, 4376]
3656,[4384, 4393]
3657,[4384, 4402, 4417, 4423, 4438]
3658,[1960, 1977]
3659,[1960, 1964, 1971]
3660,[1974, 1994, 4831]
3661,[1974, 1980, 4614, 4612, 4609, 4607]
3662,[1974, 2008]
3663,[4483, 4482]
3664,[4483, 4485]
3665,[4494, 4501, 4457]
3666,[4494, 2001, 1982, 1977]
3667,[4494, 4488]
3668,[4654, 2014]
3669,[4654, 4655, 4656, 4658]
3670,[2028, 4477]
3671,[2028, 1993]
3672,[4462, 4463]
3673,[4470, 4473]
3674,[4470, 4708, 4709, 4710, 4711]
3675,[4472, 4608]
3676,[4594, 4590, 4586]
3677,[4594, 4598]
3678,[4410, 4415]
3679,[4410, 4413]
3680,[4393, 4397]
3681,[4523, 4463]
3682,[4523, 4520]
3683,[4536, 4531]
3684,[4520, 4516]
3685,[4520, 4514, 4513]
3686,[4525, 4528]
3687,[1985, 1976]
3688,[4578, 2018]
3689,[4578, 4579, 4580, 2018]
3690,[4583, 4584]
3691,[4583, 4585]
3692,[4552, 4565, 4568, 4570]
3693,[4552, 4550]
3694,[1976, 1991]
3695,[4416, 4411]
3696,[4416, 4425, 4432]
3697,[4426, 4412, 4411]
3698,[4426, 4439, 4457]
3699,[4426, 4444]
3700,[4411, 4428, 4441, 4449]
3701,[4408, 4421]
3702,[4408, 4419]
3703,[4397, 4400]
3704,[1977, 1998, 4624, 4610]
3705,[1971, 1993]
3706,[1971, 1978]
3707,[4607, 4596]
3708,[4607, 4610]
3709,[2008, 2018]
3710,[2008, 4589]
3711,[4482, 4488]
3712,[4482, 4485]
3713,[4485, 4486, 4489, 4492, 4508]
3714,[4457, 4449]
3715,[4488, 4490, 4493, 4495, 4498, 4503, 4506, 4509, 4510]
3716,[2014, 1995]
3717,[2014, 1993]
3718,[4658, 2000]
3719,[4658, 4659, 4660, 4662, 4664]
3720,[4477, 4476]
3721,[4477, 4478]
3722,[4463, 4471, 4474, 4521, 4516]
3723,[4473, 4701]
3724,[4473, 4858, 4854]
3725,[4608, 4604]
3726,[4608, 4619]
3727,[4586, 4585]
3728,[4586, 4591]
3729,[4415, 4424]
3730,[4415, 4420]
3731,[4516, 4513]
3732,[4513, 4515]
3733,[4528, 4530]
3734,[4528, 4533]
3735,[4584, 4587]
3736,[4584, 4589]
3737,[4585, 4588]
3738,[4550, 4564]
3739,[4550, 4534]
3740,[1991, 2006]
3741,[1991, 2010]
3742,[4444, 4459]
3743,[4444, 4447, 4450, 4452, 4460, 4466, 4512, 4510]
3744,[4449, 4433, 4419]
3745,[4419, 4435]
3746,[4610, 4617, 4621]
3747,[1978, 1984, 1987]
3748,[1978, 1995]
3749,[1978, 2005, 2017, 1987]
3750,[4596, 4604]
3751,[4596, 4592, 4589]
3752,[4510, 4511]
3753,[1995, 2012, 2000]
3754,[2000, 1987]
3755,[2000, 2015]
3756,[4478, 4479, 4480]
3757,[4478, 4481]
3758,[4701, 4703, 4704, 4702, 4701]
3759,[4854, 4856, 4857, 4855, 4854]
3760,[4604, 4613]
3761,[4619, 4465]
3762,[4619, 4620, 4618]
3763,[4420, 4429]
3764,[4420, 4430, 4434]
3765,[4515, 4518, 4519, 4517, 4515]
3766,[4530, 4538]
3767,[4530, 4534]
3768,[4533, 4537, 4540, 4535, 4533]
3769,[4588, 4593]
3770,[4588, 4595]
3771,[4564, 4567, 4569, 4566, 4564]
3772,[4534, 4551]
3773,[2006, 2013]
3774,[2006, 2021]
3775,[4621, 4622, 4616, 4615, 4613]
3776,[4621, 4623]
3777,[2015, 4841, 4842, 4843, 4844, 4845, 2015]
3778,[4613, 4618]
3779,[4465, 4451, 4446]
3780,[4465, 4846, 4630, 4627]
3781,[4618, 4623]
3782,[4429, 4436]
3783,[4429, 4440]
3784,[4434, 4446]
3785,[4434, 4442]
3786,[4538, 4547]
3787,[4538, 4548]
3788,[4595, 4600, 4601, 4599, 4595]
3789,[4551, 4558, 4559, 4555, 4551]
3790,[4623, 4625]
3791,[4446, 4440]
3792,[4627, 4625]
3793,[4627, 4628, 4629]
3794,[4440, 4445]
3795,[4547, 4553, 4560]
3796,[4547, 4561]
3797,[4625, 4626]
